symbol,fv_company,fv_sector,fv_industry,fv_p_e,fv_eps_ttm,fv_perf_week,fv_market_cap,fv_forward_p_e,fv_perf_month,fv_short_float,fv_perf_quarter,fv_p_s,fv_eps_this_y,fv_short_ratio,fv_perf_half_y,fv_p_b,fv_roa,fv_perf_ytd,fv_p_c,fv_roe,fv_52w_high,fv_perf_year,fv_p_fcf,fv_eps_past_3_5y,fv_roic,fv_52w_low,fv_perf_3y,fv_dividend_est,fv_ev_ebitda,fv_sales_past_3_5y,fv_volatility_w,fv_volatility_m,fv_perf_5y,fv_dividend_ttm,fv_ev_sales,fv_eps_y_y_ttm,fv_oper_margin,fv_atr_14,fv_perf_10y,fv_quick_ratio,fv_sales_y_y_ttm,fv_profit_margin,fv_rsi_14,fv_recom,fv_dividend_gr_3_5y,fv_current_ratio,fv_eps_q_q,fv_sma20,fv_beta,fv_payout,fv_debt_eq,fv_sales_q_q,fv_sma50,fv_rel_volume,fv_prev_close,fv_lt_debt_eq,fv_sma200,fv_avg_volume,fv_price,fv_ipo,fv_eps_sales_surpr,fv_trades,fv_volume,fv_change
EEFT,Euronet Worldwide Inc,Technology,Software - Infrastructure,10.70,6.95,8.57%,2.93B,6.12,9.93%,13.45%,-0.39%,0.69,12.85%,7.23,-13.06%,2.24,5.02%,-2.25%,1.71,24.41%,114.25 -34.88%,-21.44%,7.12,15.75% -,12.65%,63.73 16.74%,-33.40%,-,5.09,8.11% 11.32%,2.63%,3.53%,-50.06%,-,0.80,9.85%,12.49%,2.38,-0.08%,1.11,6.38%,7.29%,64.75,2.09,- -,1.11,10.32%,8.81%,0.85,0.00%,1.67,5.86%,6.01%,1.01,74.24,0.87,-8.26%,682.70K,74.40,"Mar 07, 1997",-3.02% 0.06%,"

","687,231",0.22%
PPC,Pilgrim's Pride Corp,Consumer Defensive,Packaged Foods,7.47,4.54,-4.32%,8.07B,8.69,-7.20%,11.84%,-18.54%,0.44,-25.77%,5.17,-11.09%,2.19,10.31%,-13.03%,12.60,27.33%,52.75 -35.72%,-34.34%,12.21,13.52% 63.80%,15.52%,32.79 3.42%,72.32%,1.22 (3.59%),4.94,1.94% 8.88%,3.04%,2.87%,63.85%,-,0.58,-0.54%,9.53%,1.06,78.17%,0.76,3.49%,5.85%,31.82,2.67,- -,1.47,-62.77%,-5.29%,0.38,0.00%,0.91,3.28%,-12.53%,1.00,33.65,0.89,-16.64%,955.75K,33.91,"Nov 14, 1986",-17.64% 3.09%,"

","951,898",0.77%
GCBC,Greene County Bancorp Inc,Financial,Banks - Regional,11.04,2.15,1.72%,403.54M,-,8.97%,0.74%,4.31%,2.87,-,4.19,8.32%,1.56,1.20%,6.61%,-,15.33%,26.04 -8.99%,10.70%,12.25,3.62% 10.75%,12.42%,20.62 14.94%,11.48%,-,-,20.71% 16.49%,2.90%,3.05%,88.84%,0.39 (1.65%),-,38.74%,29.66%,0.71,168.86%,-,12.03%,26.03%,58.60,-,11.46% 10.35%,0.06,37.42%,2.93%,0.39,19.69%,0.84,10.09%,3.47%,0.76,23.45,0.14,2.38%,12.24K,23.70,"Jan 04, 1999",- -,"

","9,277",1.07%
WEX,WEX Inc,Technology,Software - Infrastructure,20.39,8.51,8.92%,6.01B,8.77,16.52%,5.06%,8.05%,2.26,14.05%,3.72,15.70%,4.82,2.19%,16.46%,1.00,22.33%,180.71 -3.99%,40.82%,19.17,23.44% -,6.31%,118.67 46.20%,-9.12%,-,4.89,4.22% 11.27%,3.67%,4.29%,-24.24%,-,1.85,13.29%,25.45%,6.67,101.35%,1.04,1.24%,11.43%,67.12,2.75,- -,1.04,50.59%,9.12%,1.00,0.00%,3.99,5.72%,9.81%,1.21,175.50,2.90,9.93%,466.93K,173.50,"Feb 16, 2005",4.86% 1.84%,"

","564,588",-1.14%
ADSK,Autodesk Inc,Technology,Software - Application,46.26,5.23,10.79%,51.07B,17.25,-2.60%,2.89%,-7.72%,7.09,19.06%,2.66,-20.67%,16.85,9.65%,-18.24%,19.66,39.68%,329.09 -26.46%,-6.73%,21.20,11.46% -0.79%,19.63%,214.10 13.04%,22.80%,-,30.68,13.34% 13.69%,3.42%,3.60%,-19.37%,-,7.11,2.09%,20.31%,9.05,314.28%,0.85,17.80%,15.61%,52.69,1.36,- -,0.85,5.75%,2.38%,1.39,0.00%,0.90,20.21%,0.97%,1.12,243.16,0.88,-14.63%,2.28M,242.02,"Jun 28, 1985",7.47% 2.24%,"

","2,550,662",-0.47%
CRM,Salesforce Inc,Technology,Software - Application,23.33,7.81,10.41%,168.12B,12.25,-6.28%,8.66%,-22.01%,4.05,5.47%,5.63,-23.01%,2.86,6.76%,-31.24%,17.58,12.40%,296.05 -38.48%,-26.34%,11.67,234.40% 12.24%,10.35%,163.52 11.39%,-7.58%,0.99 (0.54%),14.05,9.82% 14.34%,3.96%,3.84%,-21.46%,1.69 (0.93%),4.24,21.99%,21.47%,7.52,138.68%,0.70,9.58%,17.96%,48.26,1.59,- -,0.70,17.87%,0.33%,1.21,21.33%,0.30,12.09%,-3.12%,1.24,181.22,0.22,-21.75%,13.83M,182.14,"Jun 23, 2004",24.94% 0.08%,"

","17,105,996",0.51%
CRCL,Circle Internet Group Inc,Financial,Capital Markets,-,-0.54,20.30%,26.18B,61.21,-20.27%,12.74%,38.26%,9.53,308.33%,1.37,-21.24%,7.71,-0.11%,33.56%,17.15,-2.76%,298.99 -64.58%,-,49.43,56.37% -,-2.08%,49.90 112.24%,-,-,-,52.66% -,8.69%,9.06%,-,-,9.00,-247.42%,-3.19%,8.57,-,1.03,63.86%,-2.53%,55.93,2.31,- -,1.03,2667.34%,6.29%,-,-,0.02,76.92%,14.60%,0.88,107.46,0.00,-7.41%,16.48M,105.91,"Jun 05, 2025",161.56% 2.80%,"

","14,449,004",-1.44%
PCTY,Paylocity Holding Corp,Technology,Software - Application,23.71,4.25,5.97%,5.43B,12.04,-8.15%,5.73%,-28.85%,3.23,8.48%,2.73,-32.75%,4.94,3.88%,-33.91%,33.41,20.99%,201.97 -50.10%,-45.22%,11.78,35.67% 28.31%,19.47%,92.99 8.38%,-49.25%,-,11.91,23.22% 23.23%,4.03%,4.48%,-48.09%,-,3.22,9.49%,20.58%,4.68,177.63%,1.02,12.08%,14.19%,41.78,1.38,- -,1.02,38.80%,-3.79%,0.49,0.00%,0.12,10.39%,-7.09%,0.78,100.66,0.11,-31.38%,905.78K,100.78,"Mar 19, 2014",15.44% 1.85%,"

","707,529",0.12%
C,Citigroup Inc,Financial,Banks - Diversified,16.38,8.07,6.26%,231.23B,10.69,21.63%,1.73%,12.53%,1.33,53.23%,2.05,32.47%,1.18,0.59%,13.27%,-,7.49%,132.86 -0.51%,108.98%,10.38,-0.02% 8.24%,2.83%,61.84 113.75%,166.01%,2.50 (1.89%),-,18.52% 13.72%,2.65%,2.80%,82.44%,2.36 (1.79%),-,27.75%,12.82%,3.80,194.26%,-,3.02%,8.45%,72.94,1.42,4.38% 2.61%,1.50,56.11%,11.23%,1.15,33.18%,3.55,7.44%,15.11%,1.08,129.34,1.46,25.49%,14.70M,132.18,"Oct 29, 1986",15.35% 4.38%,"

","15,924,647",2.20%
BKNG,Booking Holdings Inc,Consumer Cyclical,Travel Services,28.90,6.64,10.69%,152.04B,15.37,9.56%,2.55%,-7.56%,5.65,17.20%,1.91,-5.52%,-,18.97%,-10.37%,8.84,-,233.58 -17.80%,4.96%,16.73,29.44% 158.57%,45.66%,150.62 27.48%,79.38%,1.69 (0.88%),15.04,16.35% 31.69%,2.76%,3.48%,93.80%,1.57 (0.82%),5.73,-4.72%,35.25%,6.78,260.41%,1.33,13.39%,20.08%,65.29,1.44,- -,1.33,38.40%,10.02%,1.20,23.19%,-,16.05%,11.56%,0.75,184.56,-,-5.39%,10.55M,192.01,"Mar 30, 1999",0.22% 3.42%,"

","7,874,163",4.04%
VOC,VOC Energy Trust,Energy,Oil & Gas E&P,7.56,0.43,0.92%,55.93M,-,-4.64%,0.41%,10.77%,6.49,-,0.32,11.53%,5.38,66.41%,21.85%,27.55,66.41%,3.84 -14.32%,-0.90%,-,-30.12% 14.09%,71.11%,2.60 26.54%,-64.20%,-,5.08,-28.51% 11.48%,4.23%,4.89%,-6.53%,0.44 (13.37%),6.25,-40.41%,85.79%,0.17,19.64%,-,-36.72%,85.79%,47.02,4.00,-30.30% 13.33%,-,-38.89%,-3.91%,0.16,100.00%,0.00,-35.89%,-0.80%,0.81,3.37,0.00,9.48%,139.27K,3.29,"May 05, 2011",1.02% 0.41%,"

","112,245",-2.37%
VTRS,Viatris Inc,Healthcare,Drug Manufacturers - Specialty & Generic,-,-2.96,8.98%,17.09B,5.51,6.84%,2.82%,14.33%,1.20,3.90%,3.21,47.09%,1.15,-8.93%,17.91%,11.75,-21.08%,16.47 -10.87%,94.18%,8.82,- -21.93%,-12.84%,7.39 98.65%,48.13%,0.52 (3.53%),7.70,-4.04% 3.66%,2.94%,2.69%,9.55%,0.48 (3.27%),2.12,-456.43%,7.99%,0.40,-68.69%,0.74,-2.61%,-24.59%,64.85,2.38,0.00% -,1.30,31.80%,8.41%,0.84,-,1.00,6.60%,2.08%,1.18,14.01,0.86,26.41%,10.00M,14.68,"Mar 17, 1980",7.08% 4.85%,"

","11,762,841",4.78%
VEEV,Veeva Systems Inc,Healthcare,Health Information Services,31.01,5.42,10.91%,27.43B,17.00,-8.74%,3.45%,-23.29%,8.58,9.41%,2.27,-41.56%,3.81,11.14%,-24.76%,4.18,13.93%,310.50 -45.91%,-22.23%,19.79,21.93% 18.15%,12.45%,148.05 13.44%,-6.19%,-,21.02,14.03% 16.88%,4.90%,4.14%,-38.50%,-,6.56,25.89%,29.64%,7.65,551.73%,4.89,16.34%,28.44%,44.51,1.75,- -,4.89,22.91%,-1.74%,1.02,0.00%,0.01,15.96%,-5.77%,0.96,167.69,0.01,-31.01%,2.26M,167.95,"Oct 16, 2013",6.44% 3.12%,"

","2,172,185",0.16%
COIN,Coinbase Global Inc,Financial,Financial Data & Stock Exchanges,47.00,4.39,22.93%,54.49B,38.36,2.00%,11.18%,-13.77%,7.59,-33.19%,1.91,-38.65%,3.74,4.74%,-8.76%,4.57,10.05%,444.64 -53.60%,17.88%,22.46,- 52.26%,6.03%,139.36 48.06%,204.68%,-,46.38,31.00% 41.24%,6.08%,6.09%,-39.67%,-,7.02,-51.85%,12.52%,11.80,-,2.34,-0.75%,17.57%,64.28,2.00,- -,2.34,-153.14%,14.71%,3.53,0.00%,0.53,-68.92%,14.51%,1.24,199.82,0.41,-24.44%,12.62M,206.33,"Apr 14, 2021",-350.50% -1.54%,"

","15,595,924",3.26%
TRGP,Targa Resources Corp,Energy,Oil & Gas Midstream,27.67,8.51,-3.12%,50.59B,20.46,0.65%,2.17%,29.45%,2.94,18.34%,3.07,55.90%,16.48,7.33%,27.64%,157.69,65.06%,253.87 -7.24%,34.90%,86.60,29.82% -,9.29%,144.14 63.38%,207.84%,5.00 (2.12%),13.54,-7.45% 15.75%,2.50%,2.76%,605.51%,4.00 (1.70%),3.95,47.83%,20.36%,7.06,623.72%,0.55,3.38%,10.71%,43.40,1.52,38.88% 25.39%,0.67,74.06%,-3.48%,0.72,44.17%,5.71,-9.22%,-0.23%,1.41,239.81,5.46,25.91%,1.49M,235.50,"Dec 07, 2010",10.36% -14.25%,"

","2,106,751",-1.80%
VRSK,Verisk Analytics Inc,Industrials,Consulting Services,27.47,6.48,8.39%,23.33B,20.72,-12.88%,4.41%,-19.81%,7.59,6.38%,2.83,-27.01%,79.76,17.37%,-20.39%,10.71,444.05%,322.92 -44.86%,-39.23%,19.57,2.61% 8.51%,24.72%,161.70 10.12%,-7.34%,1.94 (1.09%),15.31,7.16% 1.99%,2.81%,3.33%,-3.98%,1.85 (1.04%),8.48,-3.50%,44.74%,6.28,127.86%,1.20,6.63%,29.56%,42.98,2.27,13.23% 10.76%,1.20,-4.60%,-2.22%,0.74,27.76%,15.86,5.87%,-6.23%,0.75,178.31,10.89,-22.90%,2.15M,178.07,"Oct 07, 2009",13.15% 0.68%,"

","1,616,762",-0.13%
WING,Wingstop Inc,Consumer Cyclical,Restaurants,31.81,6.17,9.14%,5.36B,33.90,2.70%,13.13%,-27.48%,7.70,12.79%,3.31,-21.56%,-,23.82%,-17.67%,22.47,-,388.14 -49.42%,-10.28%,50.79,52.01% 51.34%,32.85%,142.24 38.03%,5.86%,1.28 (0.65%),29.44,24.91% 22.87%,6.46%,6.72%,48.07%,1.17 (0.60%),9.18,66.78%,27.58%,12.64,969.64%,3.26,11.35%,25.01%,54.76,1.50,16.55% 17.92%,3.26,5.19%,14.05%,2.01,18.37%,-,8.57%,-6.96%,1.05,186.05,-,-24.74%,1.08M,196.34,"Jun 12, 2015",19.99% -1.05%,"

","1,131,548",5.53%
SPSC,SPS Commerce Inc,Technology,Software - Application,23.45,2.46,11.99%,2.15B,11.36,-4.05%,6.98%,-36.85%,2.87,5.12%,3.08,-47.31%,2.22,8.48%,-35.35%,14.23,10.21%,153.16 -62.38%,-55.35%,14.15,18.09% 14.36%,9.56%,50.55 13.99%,-62.07%,-,11.39,18.57% 19.17%,4.00%,4.73%,-45.46%,-,2.68,19.31%,15.74%,2.73,169.00%,1.74,17.83%,12.42%,50.96,2.50,- -,1.74,48.60%,3.69%,0.60,0.00%,0.01,12.72%,-3.33%,0.60,56.55,0.00,-37.61%,827.62K,57.62,"Apr 22, 2010",13.06% -0.49%,"

","498,765",1.89%
PTC,PTC Inc,Technology,Software - Application,20.41,6.85,4.72%,16.63B,16.78,-6.91%,3.61%,-16.27%,5.81,-4.01%,3.58,-31.09%,4.32,13.20%,-19.79%,79.06,23.34%,219.69 -36.39%,-2.66%,18.74,31.91% 40.15%,15.95%,130.89 6.76%,8.25%,-,14.14,12.32% 13.44%,2.54%,3.14%,-4.39%,-,6.22,110.77%,39.27%,4.59,319.77%,1.22,23.62%,28.86%,42.25,1.95,- -,1.22,104.45%,-0.97%,1.03,0.00%,0.36,21.36%,-7.15%,0.71,138.27,0.35,-22.54%,1.20M,139.74,"Dec 08, 1989",20.89% 7.33%,"

","847,267",1.06%
MORN,Morningstar Inc,Financial,Financial Data & Stock Exchanges,20.68,8.91,9.71%,7.10B,14.02,0.57%,6.34%,-14.54%,2.90,6.04%,2.35,-16.11%,5.99,10.48%,-15.20%,13.43,26.35%,316.71 -41.81%,-33.52%,16.04,75.39% 11.37%,15.33%,149.08 23.61%,-11.42%,1.96 (1.06%),10.95,9.34% 11.97%,3.94%,3.93%,-22.32%,1.91 (1.04%),3.20,3.80%,21.48%,6.67,109.31%,0.95,7.49%,15.30%,59.14,1.00,8.41% 8.80%,0.95,4.27%,7.52%,1.06,21.03%,1.03,8.48%,6.61%,0.58,180.52,1.00,-16.31%,584.02K,184.28,"May 03, 2005",14.83% 1.05%,"

","335,852",2.08%
UMI,USCF Midstream Energy Income Fund ETF,Financial,Exchange Traded Fund,,,-2.70%,"

",,-2.50%,,12.79%,,,,16.48%,,,14.26%,,,60.29 -6.98%,16.84%,,,,46.33 21.04%,69.72%,,,,1.48%,1.76%,126.41%,2.23 (3.98%),,,,1.00,-,,,,38.07,,8.20% -,,,-3.18%,0.57,,,,-1.97%,0.55,56.28,,9.71%,52.56K,56.08,"Mar 24, 2021",,"

","28,995",-0.36%
STM,ST Microelectronics,Technology,Semiconductors,255.31,0.17,12.01%,39.30B,21.55,33.07%,1.27%,57.93%,3.32,123.20%,1.29,52.64%,2.20,0.66%,70.47%,7.98,0.93%,41.75 5.92%,118.26%,955.54,-65.99% -31.59%,0.82%,19.55 126.19%,-12.33%,0.36 (0.82%),17.20,-9.80% 2.85%,2.89%,3.77%,13.44%,0.36 (0.81%),3.15,-89.37%,2.58%,1.54,670.38%,2.43,-10.75%,1.39%,80.37,2.19,15.73% 17.23%,3.36,-109.31%,22.25%,1.60,164.16%,0.14,0.88%,28.70%,2.24,41.57,0.12,53.15%,8.75M,44.22,"Dec 08, 1994",-60.13% 1.41%,"

","19,645,004",6.37%
ASMB,Assembly Biosciences Inc,Healthcare,Biotechnology,-,-1.84,2.89%,463.83M,-,6.25%,14.57%,-2.24%,6.42,-256.36%,15.88,2.81%,2.24,-3.24%,-14.03%,1.87,-5.10%,39.71 -26.36%,191.53%,-,71.29% 51.83%,-2.93%,9.68 202.07%,115.63%,-,-,- -1.78%,4.03%,5.20%,-43.07%,-,3.02,72.62%,-16.76%,1.45,-53.05%,5.22,153.52%,-8.47%,52.21,1.00,- -,5.22,188.72%,1.57%,1.19,-,0.01,477.26%,2.78%,2.39,29.32,0.01,5.59%,96.56K,29.24,"Dec 17, 2010",262.69% 472.25%,"

","230,436",-0.27%
MOS,Mosaic Company,Basic Materials,Agricultural Inputs,14.56,1.69,-0.77%,7.80B,11.02,-11.56%,6.59%,-10.91%,0.65,-31.38%,2.28,-17.52%,0.65,2.28%,1.99%,27.43,4.59%,38.23 -35.73%,-9.90%,-,-44.77% -0.60%,3.28%,23.06 6.55%,-48.23%,0.88 (3.59%),5.34,-14.27% 6.78%,3.48%,4.96%,-26.18%,0.88 (3.58%),1.11,207.85%,11.33%,1.22,-5.40%,0.47,8.36%,4.49%,43.40,2.52,16.26% 34.49%,1.32,-408.46%,-2.37%,0.88,51.90%,0.48,5.60%,-9.26%,1.24,24.73,0.37,-16.26%,9.13M,24.57,"Jan 26, 1988",-54.83% 1.35%,"

","11,322,229",-0.65%
CPRT,"Copart, Inc",Industrials,Specialty Business Services,20.98,1.59,2.11%,32.22B,19.94,1.36%,3.61%,-18.91%,6.98,-0.89%,3.49,-24.93%,3.29,15.75%,-14.56%,6.32,17.22%,63.85 -47.61%,-43.95%,22.85,12.01% 16.72%,15.78%,32.20 3.88%,-13.59%,-,14.33,9.90% 16.07%,1.94%,2.44%,8.36%,-,5.90,6.65%,36.49%,0.84,534.57%,9.78,2.38%,33.76%,45.35,2.21,- -,9.85,-9.21%,1.16%,1.06,0.00%,0.01,-3.58%,-5.43%,1.96,33.27,0.01,-19.50%,9.11M,33.45,"Mar 17, 1994",-8.28% -2.36%,"

","17,862,888",0.54%
CPNG,Coupang Inc,Consumer Cyclical,Internet Retail,192.24,0.11,9.06%,39.40B,38.87,7.27%,3.44%,1.41%,1.14,-55.93%,1.89,-31.70%,8.50,1.21%,-8.65%,6.14,4.77%,34.08 -36.76%,0.75%,76.89,- -,2.68%,16.74 28.73%,32.70%,-,37.06,18.83% 23.61%,3.80%,3.77%,-53.05%,-,1.09,34.31%,1.44%,0.82,-,0.79,14.09%,0.60%,68.80,1.58,- -,1.04,-116.73%,10.53%,1.27,0.00%,1.00,10.92%,13.43%,1.05,21.49,0.68,-16.49%,24.19M,21.55,"Mar 11, 2021",-134.48% -2.48%,"

","25,344,230",0.28%
FIG,Figma Inc,Technology,Software - Application,-,-2.56,4.19%,9.87B,66.07,-25.10%,21.29%,-40.13%,9.35,-48.44%,2.49,-70.35%,6.43,-63.46%,-49.37%,5.93,-92.72%,142.92 -86.76%,-,40.67,- -,-83.89%,17.65 7.20%,-,-,-,44.61% -,11.94%,8.37%,-,-,7.83,-70.54%,-122.23%,1.87,-,2.55,40.96%,-124.47%,38.27,2.33,- -,2.55,-320.14%,-8.24%,-,-,0.04,40.02%,-21.44%,2.37,20.32,0.04,-56.09%,15.72M,18.92,"Jul 31, 2025",14.29% 3.63%,"

","37,250,988",-6.89%
FLUX,Flux Power Holdings inc,Industrials,Electrical Equipment & Parts,-,-0.31,23.85%,28.81M,-,6.30%,1.91%,-11.18%,0.47,46.67%,1.06,-78.81%,3.82,-17.20%,6.30%,30.98,-211.67%,7.55 -82.12%,-3.57%,-,26.64% 32.27%,-66.28%,0.97 39.18%,-66.99%,-,-,16.21% 31.58%,10.24%,8.11%,-87.82%,-,0.55,42.88%,-6.12%,0.11,-73.00%,0.54,0.23%,-8.36%,60.41,1.00,- -,1.25,123.25%,18.42%,1.74,-,0.77,-16.10%,5.62%,1.43,1.20,0.02,-34.85%,301.84K,1.35,"Dec 07, 1999",142.86% -9.18%,"

","432,241",12.50%
CSTL,Castle Biosciences Inc,Healthcare,Diagnostics & Research,-,-0.85,8.30%,744.77M,-,-2.21%,5.30%,-38.53%,2.16,-41.22%,3.96,11.28%,1.58,-4.15%,-35.60%,2.49,-5.21%,44.28 -43.43%,16.46%,26.29,31.36% -8.93%,-4.77%,14.59 71.69%,5.47%,-,-,35.94% 40.60%,3.11%,4.30%,-61.76%,-,1.40,-229.24%,-12.44%,1.15,-,5.11,3.66%,-7.02%,46.63,1.12,- -,5.26,-125.03%,2.03%,1.15,-,0.08,0.81%,-8.54%,0.56,24.56,0.07,-11.08%,387.02K,25.05,"Jul 25, 2019",69.06% 8.91%,"

","214,832",2.00%
RUN,Sunrun Inc,Technology,Solar,7.22,1.72,-6.63%,2.91B,12.12,-3.05%,24.18%,-32.09%,0.98,-58.27%,5.46,-41.76%,0.92,1.99%,-32.61%,2.35,15.90%,22.44 -44.74%,81.02%,-,29.30% -,2.56%,5.38 130.48%,-39.69%,-,27.02,8.40% 26.24%,5.88%,5.96%,-76.23%,-,6.21,115.55%,-4.51%,0.88,76.14%,1.27,45.11%,15.29%,42.77,2.04,- -,1.66,103.07%,-3.67%,2.31,0.00%,4.73,123.50%,-16.05%,1.70,12.10,4.63,-23.61%,10.02M,12.40,"Aug 05, 2015",1276.81% 90.91%,"

","16,986,836",2.48%
RIVN,Rivian Automotive Inc,Consumer Cyclical,Auto Manufacturers,-,-3.07,11.67%,21.38B,-,10.95%,17.56%,1.00%,3.97,-6.01%,4.97,28.49%,4.68,-23.88%,-12.58%,3.52,-65.55%,22.69 -24.06%,48.53%,-,25.37% -22.15%,-37.79%,10.85 58.80%,25.49%,-,-,48.11% -,4.47%,5.33%,-,-,3.81,35.08%,-66.55%,0.82,-,1.89,8.39%,-67.68%,64.67,2.52,- -,2.33,6.47%,10.99%,1.70,-,1.14,-25.84%,11.52%,1.12,16.89,1.11,13.96%,28.76M,17.23,"Nov 10, 2021",24.69% 1.88%,"

","32,192,989",2.01%
GNRC,Generac Holdings Inc,Industrials,Specialty Industrial Machinery,78.93,2.69,2.45%,12.45B,20.35,5.91%,5.50%,31.39%,2.96,33.16%,2.77,10.66%,4.73,2.99%,55.53%,36.45,6.22%,241.09 -12.02%,89.85%,46.41,-20.79% -13.26%,4.06%,104.90 102.19%,103.59%,-,27.47,-2.67% 11.11%,3.96%,4.63%,-36.16%,-,3.21,-50.23%,7.04%,9.27,454.95%,1.00,-2.02%,3.79%,56.72,1.86,- -,2.03,-119.54%,5.35%,1.78,0.00%,0.53,-11.60%,1.75%,0.60,207.41,0.49,19.34%,1.15M,212.10,"Feb 11, 2010",-9.02% -5.95%,"

","682,438",2.26%
BBWI,Bath & Body Works Inc,Consumer Cyclical,Specialty Retail,6.16,3.15,7.24%,3.90B,6.83,-2.85%,7.00%,-17.05%,0.54,-17.94%,2.52,-24.77%,-,13.06%,-3.34%,4.10,-,34.66 -44.00%,-31.70%,4.51,-3.29% -8.66%,20.29%,14.27 35.97%,-45.23%,0.82 (4.21%),5.67,-1.20% -1.55%,4.46%,5.39%,-64.07%,0.80 (4.12%),1.08,-13.10%,15.65%,1.04,-70.80%,0.83,-0.23%,8.90%,52.70,2.33,0.00% 21.67%,1.27,-4.91%,5.83%,1.42,25.76%,-,-2.30%,-5.83%,1.78,18.04,-,-19.42%,5.53M,19.41,"Apr 01, 1982",13.83% 3.62%,"

","9,852,926",7.59%
BLK,Blackrock Inc,Financial,Asset Management,26.69,39.42,5.29%,171.48B,17.38,8.66%,1.24%,-9.04%,6.52,10.24%,2.03,-12.51%,3.07,3.60%,-1.70%,14.95,10.74%,1219.94 -13.75%,20.14%,45.74,1.30% 2.08%,8.85%,845.82 24.39%,50.66%,23.73 (2.26%),18.66,12.26% 8.04%,3.20%,2.60%,29.66%,21.36 (2.03%),6.87,-3.04%,34.23%,31.65,194.11%,3.45,23.00%,23.77%,62.12,1.55,2.21% 7.49%,3.45,45.84%,6.62%,1.46,59.02%,0.27,25.81%,3.76%,1.26,1024.95,0.26,-2.89%,876.54K,1052.14,"Oct 01, 1999",7.53% 2.25%,"

","1,104,830",2.65%
ENPH,Enphase Energy Inc,Technology,Solar,25.16,1.29,4.15%,4.28B,12.58,-24.95%,20.04%,-8.14%,2.91,-28.11%,3.70,-13.48%,3.92,5.09%,1.34%,2.83,17.93%,54.72 -40.64%,-38.18%,44.63,-22.48% 6.42%,10.18%,25.77 26.01%,-85.56%,-,10.86,-14.19% 13.72%,4.86%,6.18%,-78.35%,-,2.72,71.88%,19.60%,2.20,1163.81%,1.84,10.72%,11.69%,36.91,2.69,- -,2.07,-34.31%,-8.98%,1.31,0.00%,1.14,-10.29%,-21.48%,1.16,31.96,0.56,-11.45%,6.86M,32.48,"Mar 30, 2012",21.06% 1.44%,"

","7,955,470",1.63%
PLD,Prologis Inc,Real Estate,REIT - Industrial,36.55,3.97,5.77%,138.42B,38.27,10.59%,1.31%,9.30%,15.47,0.50%,3.34,18.20%,2.54,3.83%,13.66%,160.74,6.21%,145.01 0.06%,42.12%,33.61,-4.88% 12.73%,4.20%,97.10 49.43%,17.83%,4.25 (2.93%),28.82,13.74% 14.64%,1.90%,2.05%,28.91%,4.10 (2.83%),19.75,-0.91%,38.30%,3.08,223.67%,0.52,6.72%,41.48%,73.84,1.92,8.53% 11.73%,0.52,65.20%,8.02%,1.38,113.56%,0.65,7.39%,6.45%,1.16,142.17,0.65,17.46%,3.63M,145.10,"Nov 21, 1997",30.24% 0.18%,"

","4,201,150",2.06%
O,Realty Income Corp,Real Estate,REIT - Retail,55.95,1.16,2.10%,60.69B,35.74,3.25%,3.06%,7.20%,10.54,43.50%,4.48,9.47%,1.54,1.49%,15.47%,139.57,2.70%,67.93 -4.19%,11.61%,15.71,-6.47% 0.30%,1.57%,54.38 19.69%,7.53%,3.29 (5.05%),18.03,19.88% 27.82%,1.29%,1.50%,1.99%,3.23 (4.97%),15.94,19.07%,44.58%,0.96,8.48%,1.15,8.62%,18.38%,65.65,2.54,2.73% 2.83%,1.15,41.30%,4.62%,0.77,277.37%,0.78,10.68%,1.78%,0.81,64.64,0.71,8.91%,6.36M,65.09,"Oct 18, 1994",-16.56% 2.81%,"

","5,146,835",0.70%
AMN,AMN Healthcare Services Inc,Healthcare,Medical Care Facilities,-,-2.50,12.98%,780.47M,17.76,12.60%,6.46%,3.75%,0.29,49.61%,2.04,-1.61%,1.21,-4.11%,28.11%,14.04,-14.19%,23.74 -14.95%,9.19%,3.34,- -,-6.65%,14.86 35.82%,-76.69%,-,8.05,-19.55% 2.67%,4.96%,4.82%,-73.75%,-,0.56,35.03%,1.21%,0.98,-43.01%,0.94,-8.49%,-3.51%,59.00,2.44,- -,0.94,95.95%,7.39%,0.29,-,1.25,1.84%,5.21%,0.94,20.45,1.24,7.49%,1.21M,20.19,"Nov 13, 2001",-17.82% 3.39%,"

","1,145,036",-1.27%
BUD,Anheuser-Busch InBev SA/NV ADR,Consumer Defensive,Beverages - Brewers,22.29,3.40,0.04%,130.97B,15.93,8.34%,0.30%,10.24%,2.20,14.36%,2.30,25.72%,1.69,3.19%,18.30%,10.97,8.29%,81.56 -7.11%,15.44%,11.70,5.23% -,4.30%,56.97 32.98%,16.70%,1.45 (1.91%),9.76,0.96% 4.75%,1.31%,1.65%,11.18%,1.22 (1.61%),3.41,18.34%,25.36%,1.42,-40.00%,0.57,-0.33%,11.53%,62.68,1.48,- -,0.72,-6.83%,5.55%,0.56,-,0.84,2.61%,1.90%,0.54,75.41,0.83,14.59%,2.28M,75.76,"Jul 01, 2009",7.36% -0.20%,"

","1,224,511",0.46%
MMS,Maximus Inc,Industrials,Specialty Business Services,10.52,6.57,4.99%,3.77B,7.59,0.09%,5.44%,-29.72%,0.70,15.69%,3.94,-17.67%,2.19,8.99%,-19.87%,21.02,22.09%,100.00 -30.83%,2.69%,17.27,18.75% 10.21%,11.29%,60.75 13.86%,-17.67%,-,7.36,5.46% 9.43%,2.68%,3.26%,-27.11%,1.23 (1.78%),0.98,41.72%,10.78%,2.24,35.28%,2.34,-0.15%,6.92%,52.00,1.33,2.33% 1.39%,2.34,147.42%,4.32%,0.65,21.79%,0.97,-4.11%,-2.86%,0.58,69.22,0.92,-15.29%,739.87K,69.17,"Jun 13, 1997",1.65% -2.17%,"

","429,060",-0.07%
PSTG,Everpure Inc,Technology,Computer Hardware,122.93,0.54,9.89%,22.13B,23.74,4.01%,3.16%,-7.45%,6.04,11.26%,3.11,-27.66%,15.30,4.36%,-0.06%,14.28,13.68%,100.59 -33.42%,60.41%,36.06,34.55% -,11.62%,39.72 68.61%,157.87%,-,78.52,9.98% 16.81%,3.64%,4.44%,210.77%,-,5.68,75.57%,3.13%,2.86,373.29%,1.49,15.61%,5.14%,58.20,1.78,- -,1.53,134.20%,7.01%,1.41,0.00%,0.15,20.35%,2.60%,0.64,67.80,0.12,-7.22%,3.18M,66.97,"Oct 07, 2015",6.96% 2.56%,"

","2,028,173",-1.22%
CPS,Cooper-Standard Holdings Inc,Consumer Cyclical,Auto Parts,-,-0.24,5.03%,556.45M,7.27,8.68%,4.14%,-4.25%,0.20,262.14%,3.07,-4.60%,-,-0.23%,-3.90%,2.81,-,47.98 -34.24%,159.03%,34.24,73.50% 56.98%,-0.41%,11.60 171.87%,152.40%,-,7.77,2.77% 2.90%,5.11%,5.54%,-2.41%,-,0.56,94.85%,3.67%,1.86,-59.01%,1.07,0.37%,-0.15%,54.26,1.67,- -,1.30,-92.05%,7.23%,2.05,-,-,1.76%,-4.26%,0.88,29.55,-,-1.55%,226.58K,31.55,"May 25, 2010",-71.19% 4.84%,"

","199,705",6.77%
SE,Sea Ltd ADR,Consumer Cyclical,Internet Retail,35.41,2.58,6.30%,49.91B,19.29,8.12%,3.50%,-26.35%,2.18,1.58%,3.33,-44.11%,5.30,6.07%,-28.41%,3.90,15.10%,199.30 -54.17%,-24.50%,-,- -,11.15%,77.05 18.53%,10.24%,-,20.84,22.59% 39.28%,4.89%,4.12%,-63.82%,-,1.77,245.29%,8.13%,4.23,-,1.57,36.38%,6.88%,57.79,1.26,- -,1.58,62.00%,9.55%,1.66,0.00%,0.27,38.41%,-2.38%,0.66,90.40,0.13,-34.44%,5.68M,91.33,"Oct 20, 2017",4.26% 6.21%,"

","3,767,032",1.03%
OVV,Ovintiv Inc,Energy,Oil & Gas E&P,10.83,4.88,-5.85%,14.96B,7.07,-5.75%,3.09%,32.19%,1.71,55.40%,1.74,41.62%,1.19,6.27%,34.75%,53.44,11.54%,62.60 -15.64%,56.15%,9.92,-30.65% -,7.44%,32.16 64.21%,39.82%,1.21 (2.29%),5.14,-15.21% 9.38%,2.75%,3.13%,124.34%,1.20 (2.27%),2.41,15.41%,21.68%,2.16,58.35%,0.54,-3.06%,14.19%,39.62,1.66,8.10% 25.86%,0.54,1720.26%,-8.70%,0.54,25.09%,0.57,-5.99%,-1.66%,0.76,55.72,0.49,21.74%,5.02M,52.81,"Aug 21, 2001",37.23% 5.10%,"

","3,796,805",-5.22%
EW,Edwards Lifesciences Corp,Healthcare,Medical Devices,44.84,1.81,4.01%,46.69B,24.37,-1.96%,1.75%,-4.14%,7.70,16.11%,2.08,11.05%,4.55,7.93%,-5.00%,11.05,10.43%,87.89 -7.85%,13.23%,34.98,-9.46% 6.79%,9.62%,68.63 18.01%,-3.64%,-,24.16,4.08% 6.70%,2.38%,2.45%,-9.02%,-,7.12,23.65%,26.87%,2.11,128.03%,3.09,6.00%,17.47%,51.33,1.62,- -,3.72,-83.09%,0.76%,0.86,0.00%,0.07,13.26%,-0.36%,1.16,79.05,0.07,0.22%,4.79M,80.99,"Mar 27, 2000",-6.13% 1.47%,"

","5,554,669",2.45%
AVAV,AeroVironment Inc,Industrials,Aerospace & Defense,-,-4.34,6.51%,9.56B,47.48,-11.32%,12.32%,-49.44%,5.94,-12.02%,2.69,-50.24%,2.24,-6.90%,-20.86%,16.28,-8.74%,417.86 -54.19%,29.68%,-,- -2.04%,-4.41%,141.09 35.68%,79.01%,-,60.97,22.56% 17.44%,7.00%,5.71%,76.59%,-,6.08,-467.25%,-3.49%,12.93,579.28%,4.54,116.86%,-13.93%,44.34,1.37,- -,5.51,-4927.64%,0.52%,1.42,0.00%,0.19,143.41%,-12.82%,0.91,201.99,0.19,-30.09%,1.72M,191.42,"Jan 23, 2007",-5.60% -14.19%,"

","1,567,398",-5.23%
OVV,Ovintiv Inc,Energy,Oil & Gas E&P,10.83,4.88,-5.85%,14.96B,7.07,-5.75%,3.09%,32.19%,1.71,55.40%,1.74,41.62%,1.19,6.27%,34.75%,53.44,11.54%,62.60 -15.64%,56.15%,9.92,-30.65% -,7.44%,32.16 64.21%,39.82%,1.21 (2.29%),5.14,-15.21% 9.38%,2.75%,3.13%,124.34%,1.20 (2.27%),2.41,15.41%,21.68%,2.16,58.35%,0.54,-3.06%,14.19%,39.62,1.66,8.10% 25.86%,0.54,1720.26%,-8.70%,0.54,25.09%,0.57,-5.99%,-1.66%,0.76,55.72,0.49,21.74%,5.02M,52.81,"Aug 21, 2001",37.23% 5.10%,"

","3,796,805",-5.22%
APH,Amphenol Corp,Technology,Electronic Components,45.24,3.34,7.33%,185.72B,29.21,18.19%,1.23%,-2.05%,8.04,31.84%,1.48,20.27%,13.81,14.81%,11.78%,16.24,36.80%,167.04 -9.57%,132.19%,42.42,29.71% 27.85%,15.03%,62.55 141.50%,284.23%,0.96 (0.64%),27.62,22.31% 21.85%,2.70%,3.66%,341.18%,0.83 (0.55%),8.25,73.99%,25.86%,5.36,928.67%,2.48,51.71%,18.49%,67.14,1.67,21.75% 23.27%,2.98,57.66%,13.08%,1.32,22.29%,1.20,49.12%,9.91%,0.67,148.96,1.12,17.39%,10.12M,151.06,"Nov 08, 1991",3.98% 3.96%,"

","6,774,016",1.41%
PSTG,Everpure Inc,Technology,Computer Hardware,122.93,0.54,9.89%,22.13B,23.74,4.01%,3.16%,-7.45%,6.04,11.26%,3.11,-27.66%,15.30,4.36%,-0.06%,14.28,13.68%,100.59 -33.42%,60.41%,36.06,34.55% -,11.62%,39.72 68.61%,157.87%,-,78.52,9.98% 16.81%,3.64%,4.44%,210.77%,-,5.68,75.57%,3.13%,2.86,373.29%,1.49,15.61%,5.14%,58.20,1.78,- -,1.53,134.20%,7.01%,1.41,0.00%,0.15,20.35%,2.60%,0.64,67.80,0.12,-7.22%,3.18M,66.97,"Oct 07, 2015",6.96% 2.56%,"

","2,028,173",-1.22%
NVAX,"Novavax, Inc",Healthcare,Biotechnology,3.71,2.38,8.87%,1.44B,-,-11.69%,28.99%,13.62%,1.28,-116.19%,9.28,-0.79%,-,31.61%,31.55%,1.93,-,11.97 -26.15%,47.33%,-,- -,319.27%,5.80 52.41%,-6.55%,-,1.65,-17.24% 18.76%,3.79%,4.99%,-96.11%,-,0.87,323.82%,50.14%,0.48,-91.92%,2.10,64.69%,39.19%,51.11,2.44,- -,2.13,120.98%,3.40%,2.51,0.00%,-,66.61%,-3.62%,0.51,8.64,-,8.71%,4.85M,8.84,"Dec 05, 1995",122.69% 63.77%,"

","2,451,245",2.31%
FE,Firstenergy Corp,Utilities,Utilities - Regulated Electric,28.39,1.76,-2.59%,28.98B,17.01,-1.11%,4.56%,7.58%,1.92,7.08%,5.71,5.05%,2.31,1.89%,11.91%,292.70,8.17%,52.34 -4.28%,19.23%,-,35.47% -0.91%,2.67%,39.28 27.56%,22.61%,1.86 (3.71%),13.02,6.59% 6.94%,1.66%,1.96%,40.38%,1.78 (3.55%),3.79,4.05%,18.77%,0.91,40.49%,0.46,12.01%,6.76%,45.34,2.11,4.10% 2.44%,0.57,-118.74%,-0.74%,0.54,99.73%,2.15,19.55%,-0.08%,1.11,50.58,2.06,8.90%,4.61M,50.10,"Nov 10, 1997",-2.50% 23.92%,"

","5,109,473",-0.95%
DELL,Dell Technologies Inc,Technology,Computer Hardware,22.55,8.72,10.55%,126.92B,13.39,31.73%,7.92%,64.26%,1.12,23.56%,2.67,27.88%,-,6.56%,56.14%,10.84,-,193.80 1.42%,131.78%,14.84,38.83% 15.51%,27.58%,80.74 143.44%,347.42%,2.46 (1.25%),12.34,3.84% 5.56%,5.28%,5.27%,282.56%,2.10 (1.07%),1.30,39.59%,7.84%,8.89,-,0.71,19.12%,5.22%,66.64,1.97,16.74% -,0.87,56.74%,11.04%,0.91,24.20%,-,40.13%,29.69%,0.71,193.09,-,42.92%,8.81M,196.55,"Aug 17, 2016",10.32% 5.39%,"

","6,266,462",1.79%
SCVL,"Shoe Carnival, Inc",Consumer Cyclical,Apparel Retail,9.95,1.90,7.21%,518.90M,10.24,11.91%,17.01%,-2.58%,0.46,-21.29%,7.31,-6.95%,0.75,4.15%,11.91%,3.97,7.81%,26.57 -28.90%,9.44%,19.52,-21.72% 27.60%,5.21%,15.04 25.60%,-24.65%,0.68 (3.60%),7.51,-3.47% 3.05%,4.20%,4.90%,-39.54%,0.62 (3.28%),0.67,-29.58%,5.88%,0.90,42.03%,0.97,-5.62%,4.60%,61.43,2.33,18.56% 27.23%,3.74,-38.33%,10.73%,1.42,31.61%,0.54,-3.37%,1.67%,1.12,17.82,0.45,-3.25%,417.58K,18.89,"Mar 16, 1993",0.00% 0.09%,"

","468,465",6.00%
PANW,Palo Alto Networks Inc,Technology,Software - Infrastructure,92.88,1.81,7.78%,136.97B,42.25,-0.63%,3.31%,-10.59%,13.84,10.48%,2.43,-18.80%,12.56,5.58%,-8.88%,30.17,16.26%,223.61 -24.94%,0.10%,38.41,- -,13.13%,139.57 20.26%,66.88%,-,62.03,18.79% 22.03%,3.43%,4.33%,174.68%,-,13.42,-2.40%,12.70%,7.17,615.98%,0.99,15.43%,12.96%,54.71,1.46,- -,0.99,61.17%,3.91%,0.73,0.00%,0.04,14.91%,4.71%,0.64,166.97,0.04,-9.73%,10.99M,167.85,"Jul 20, 2012",9.69% 0.43%,"

","7,027,396",0.53%
CARR,Carrier Global Corp,Industrials,Building Products & Equipment,35.91,1.71,-3.19%,51.23B,19.34,6.44%,2.59%,10.39%,2.36,7.21%,2.67,7.18%,3.71,3.90%,16.05%,32.90,10.44%,81.09 -24.38%,2.37%,24.15,-24.78% -4.96%,5.78%,50.24 22.05%,36.97%,1.00 (1.63%),18.08,2.12% 4.49%,5.11%,3.85%,39.74%,0.91 (1.49%),2.87,-59.26%,10.01%,2.50,-,0.85,-9.40%,6.81%,55.09,2.00,12.86% 26.86%,1.20,-92.61%,4.90%,1.31,52.40%,0.90,-6.04%,1.51%,0.85,59.71,0.85,0.87%,7.62M,61.32,"Mar 19, 2020",-4.92% -2.80%,"

","6,459,862",2.70%
AAL,American Airlines Group Inc,Industrials,Airlines,76.94,0.17,12.90%,8.44B,5.70,18.33%,11.49%,-18.65%,0.15,-225.00%,1.15,2.24%,-,0.18%,-16.63%,1.28,-,16.50 -22.55%,35.10%,-,-4.69% -,0.40%,8.96 42.63%,-2.44%,-,10.51,3.71% 25.80%,4.09%,4.03%,-41.99%,-,0.69,-87.03%,2.98%,0.60,-68.76%,0.38,0.78%,0.20%,66.65,2.07,- -,0.50,-81.65%,14.63%,1.34,0.00%,-,2.48%,5.72%,1.23,12.27,-,-1.19%,65.00M,12.78,"Dec 09, 2013",-56.45% -0.21%,"

","80,144,963",4.16%
CTSH,Cognizant Technology Solutions Corp,Technology,Information Technology Services,13.45,4.56,5.84%,29.32B,10.03,1.68%,6.96%,-27.73%,1.39,7.01%,4.93,-8.16%,1.96,10.97%,-26.14%,15.32,15.16%,87.03 -29.56%,-11.72%,11.30,1.11% 12.13%,13.94%,57.39 6.81%,0.91%,1.34 (2.19%),7.32,2.80% 4.86%,2.76%,2.98%,-23.96%,1.26 (2.06%),1.35,1.11%,15.89%,1.93,2.05%,2.14,6.95%,10.56%,48.07,2.16,4.71% 7.10%,2.14,22.13%,0.87%,0.93,27.19%,0.08,4.94%,-3.54%,0.75,60.53,0.07,-15.03%,6.72M,61.30,"Jun 19, 1998",2.13% 0.41%,"

","5,036,607",1.27%
SAM,"Boston Beer Co., Inc",Consumer Defensive,Beverages - Brewers,25.17,9.75,-4.62%,2.56B,21.83,5.34%,12.30%,13.54%,1.30,-0.10%,5.07,9.72%,3.04,8.68%,25.73%,11.47,12.31%,264.46 -7.23%,2.49%,11.89,22.11% -8.62%,12.45%,185.34 32.37%,-24.57%,-,9.82,-2.04% 2.47%,4.20%,3.73%,-81.05%,-,1.21,97.63%,7.73%,9.15,36.44%,1.29,-2.38%,5.52%,55.46,3.00,- -,1.65,37.28%,2.99%,0.92,0.00%,0.05,-4.13%,4.26%,0.61,244.52,0.03,13.35%,183.07K,245.33,"Nov 21, 1995",15.68% 1.07%,"

","111,908",0.33%
EXLS,ExlService Holdings Inc,Technology,Information Technology Services,20.63,1.54,8.85%,4.98B,13.03,4.15%,6.78%,-25.26%,2.39,11.77%,4.39,-21.22%,5.46,15.12%,-24.93%,14.62,27.25%,48.79 -34.70%,-29.03%,16.71,22.27% 24.43%,19.37%,26.94 18.26%,-4.84%,-,12.62,13.92% 16.85%,2.62%,2.96%,66.46%,-,2.42,27.82%,15.13%,1.00,205.41%,2.54,13.56%,12.02%,58.56,1.45,- -,2.54,21.84%,4.18%,0.88,0.00%,0.44,12.71%,3.98%,0.53,31.48,0.42,-18.47%,2.34M,31.86,"Oct 20, 2006",7.53% 2.15%,"

","1,235,348",1.21%
ES,Eversource Energy,Utilities,Utilities - Regulated Electric,15.18,4.56,-1.03%,26.03B,13.74,-4.80%,2.31%,-0.63%,1.92,0.40%,3.29,-4.14%,1.61,2.74%,2.85%,192.30,10.84%,76.41 -9.37%,20.56%,-,4.10% 5.17%,3.90%,55.56 24.64%,-12.50%,3.15 (4.56%),10.44,3.30% 8.75%,1.87%,2.23%,-22.79%,3.04 (4.40%),4.16,97.95%,22.06%,1.44,22.09%,0.59,13.83%,12.49%,46.00,2.81,5.68% 5.81%,0.65,466.51%,0.69%,0.76,65.96%,1.87,13.42%,-2.69%,0.61,69.18,1.68,0.58%,2.64M,69.25,"Feb 20, 1967",1.59% 24.18%,"

","1,601,765",0.10%
QLYS,Qualys Inc,Technology,Software - Infrastructure,15.27,5.45,9.15%,2.97B,10.42,-13.94%,11.33%,-37.84%,4.44,4.32%,5.06,-34.91%,5.30,18.91%,-37.42%,6.65,38.20%,155.47 -46.50%,-31.05%,9.75,25.61% 19.39%,32.72%,74.51 11.62%,-35.48%,-,10.83,11.10% 13.07%,4.65%,5.36%,-20.63%,-,3.85,16.28%,33.37%,4.74,235.63%,1.39,9.89%,29.65%,40.37,2.62,- -,1.39,23.78%,-4.34%,0.58,0.00%,0.09,10.11%,-12.11%,1.74,84.09,0.08,-33.75%,788.18K,83.17,"Sep 28, 2012",4.92% 1.22%,"

","1,368,647",-1.09%
