symbol,fv_company,fv_sector,fv_industry,fv_p_e,fv_eps_ttm,fv_perf_week,fv_market_cap,fv_forward_p_e,fv_perf_month,fv_short_float,fv_perf_quarter,fv_p_s,fv_eps_this_y,fv_short_ratio,fv_perf_half_y,fv_p_b,fv_roa,fv_perf_ytd,fv_p_c,fv_roe,fv_52w_high,fv_perf_year,fv_p_fcf,fv_eps_past_3_5y,fv_roic,fv_52w_low,fv_perf_3y,fv_dividend_est,fv_ev_ebitda,fv_sales_past_3_5y,fv_volatility_w,fv_volatility_m,fv_perf_5y,fv_dividend_ttm,fv_ev_sales,fv_eps_y_y_ttm,fv_oper_margin,fv_atr_14,fv_perf_10y,fv_quick_ratio,fv_sales_y_y_ttm,fv_profit_margin,fv_rsi_14,fv_recom,fv_dividend_gr_3_5y,fv_current_ratio,fv_eps_q_q,fv_sma20,fv_beta,fv_payout,fv_debt_eq,fv_sales_q_q,fv_sma50,fv_rel_volume,fv_prev_close,fv_lt_debt_eq,fv_sma200,fv_avg_volume,fv_price,fv_ipo,fv_eps_sales_surpr,fv_trades,fv_volume,fv_change
DAR,Darling Ingredients Inc,,,17.67,3.72,-1.94%,10.37B,11.13,3.69%,4.32%,13.62%,1.58,1534.54%,2.99,27.40%,1.98,5.63%,82.61%,58.07,12.13%,69.98-6.05%,106.60%,11.77,-55.65%-26.07%,6.46%,29.15125.52%,4.22%,-,13.03,-1.94%11.37%,,,-5.61%,-,2.20,468.97%,8.90%,2.59,369.91%,1.03,14.73%,9.13%,57.64,1.27,- -,1.56,2940.61%,4.78%,1.03,0.00%,0.80,15.91%,9.65%,3.27,67.84,0.76,26.47%,2.25M,65.74,"Sep 09, 1994",72.33%0.55%,,"7,350,545",
CHD,Church & Dwight Co Inc,,,31.79,3.11,-2.47%,23.44B,24.40,2.71%,4.38%,3.30%,3.76,7.08%,5.43,-4.15%,5.39,8.32%,17.83%,91.98,17.04%,106.04-6.83%,4.04%,21.01,21.52%-0.65%,11.11%,81.3321.48%,6.87%,1.24 (1.25%),19.54,4.89% 4.85%,,,14.86%,1.22 (1.23%),4.11,46.04%,17.47%,2.38,98.77%,0.69,2.69%,11.96%,47.37,2.27,3.97% 4.21%,1.15,9.83%,-1.72%,0.47,39.12%,0.56,1.57%,0.24%,0.85,97.41,0.54,4.94%,1.91M,98.80,"Mar 17, 1980",-0.64%1.81%,,"1,623,345",
HRL,Hormel Foods Corp,,,28.17,0.85,-2.69%,13.14B,15.12,-4.56%,6.61%,13.28%,1.08,9.20%,4.04,-4.44%,1.65,3.49%,0.76%,15.28,5.84%,29.34-18.62%,-17.40%,18.96,-21.84%-12.16%,4.53%,19.7021.22%,-38.67%,1.17 (4.90%),12.49,-0.95%4.73%,,,-48.46%,1.17 (4.88%),1.24,-37.67%,7.72%,0.52,-38.23%,0.97,2.47%,3.82%,38.70,2.62,3.71% 4.52%,1.94,-12.51%,-3.86%,0.33,133.53%,0.36,2.55%,-4.15%,0.74,24.08,0.30,1.94%,4.76M,23.88,"Jul 10, 1962",12.87%0.32%,,"3,524,389",
MKC,McCormick & Co Inc,,,9.22,6.01,1.35%,14.90B,16.82,10.40%,5.43%,17.99%,2.02,2.88%,3.46,-19.11%,2.13,10.91%,-18.65%,44.99,25.70%,72.58-23.66%,-22.03%,14.61,5.10% 1.08%,15.28%,44.8223.63%,-33.77%,1.93 (3.48%),13.46,2.51% 4.08%,,,-36.72%,1.89 (3.41%),2.72,108.44%,16.72%,1.56,8.80%,0.39,9.54%,21.91%,62.12,2.12,6.74% 7.74%,0.78,-14.16%,4.37%,0.63,61.43%,0.71,16.70%,7.57%,0.66,55.22,0.51,-3.89%,3.96M,55.41,"Mar 17, 1980",15.57%1.20%,,"2,626,700",
SGI,Somnigroup International Inc,,,25.80,2.51,-2.04%,13.61B,17.86,-6.01%,6.30%,-3.79%,1.79,12.76%,4.46,-29.05%,4.21,4.64%,-27.52%,121.54,17.57%,98.56-34.34%,-19.61%,17.70,-4.01%-9.69%,5.85%,60.397.15%,52.15%,0.68 (1.05%),15.36,14.93% 8.68%,,,51.94%,0.66 (1.02%),2.62,73.19%,13.52%,2.45,226.82%,0.37,27.07%,7.00%,42.33,1.33,14.47%-,0.75,11.97%,-2.86%,1.19,32.68%,1.99,-3.05%,-9.07%,0.95,64.26,1.82,-19.11%,2.86M,64.71,"Dec 18, 2003",0.87%-2.97%,,"2,730,409",
STZ,Constellation Brands Inc,,,12.94,10.48,-2.53%,17.57B,-,4.94%,6.14%,-10.06%,1.94,-0.15%,4.25,-13.27%,2.82,8.22%,-1.67%,181.92,23.51%,168.60-19.54%,-17.75%,9.58,- 0.84%,10.51%,126.457.28%,-47.62%,4.13 (3.05%),8.97,-1.13%1.19%,,,-36.56%,4.10 (3.02%),3.13,541.77%,30.29%,3.58,-18.03%,0.48,-9.99%,20.15%,53.54,2.04,8.44% 6.34%,0.91,30.78%,2.09%,0.40,42.47%,1.28,-3.26%,0.12%,0.88,134.14,1.10,-6.47%,2.16M,135.66,"Nov 01, 1982",7.39%1.85%,,"1,904,071",
BF-B,B,,,18.62,1.53,0.07%,13.15B,16.62,10.66%,10.13%,9.22%,3.34,11.27%,10.79,-5.17%,3.25,8.95%,9.13%,40.23,17.85%,31.92-10.90%,-6.63%,14.73,-2.04%-4.00%,11.57%,22.6125.79%,-58.03%,0.95 (3.34%),12.66,-2.00%2.71%,,,-58.54%,0.92 (3.23%),3.91,-16.82%,28.52%,0.86,-27.14%,1.18,-0.45%,18.13%,56.12,3.26,5.21% 5.32%,3.24,-61.90%,0.60%,0.34,59.73%,0.64,2.23%,4.81%,0.86,28.41,0.54,4.39%,2.63M,28.44,"Jul 02, 1962",-61.20%3.08%,,"2,256,232",
DG,Dollar General Corp,,,17.45,7.07,0.11%,27.22B,15.36,7.16%,3.44%,17.41%,0.63,7.89%,2.58,-18.08%,3.08,4.99%,-7.05%,20.12,18.91%,158.23-22.01%,9.71%,12.37,-13.76%-8.39%,6.78%,95.1129.76%,-23.95%,2.33 (1.89%),12.51,4.13% 4.83%,,,-47.44%,2.36 (1.91%),0.97,35.43%,5.26%,3.83,35.84%,0.25,4.72%,3.63%,52.59,2.50,2.37%10.38%,1.17,12.59%,-0.60%,0.23,34.46%,1.79,3.36%,2.62%,0.61,120.58,1.61,-1.13%,2.92M,123.41,"Nov 13, 2009",6.03%-0.26%,,"1,770,171",
CLX,Clorox Co,,,22.17,4.81,0.94%,12.90B,17.01,13.74%,11.25%,12.10%,1.92,4.99%,5.29,-13.68%,143.35,8.79%,5.81%,90.22,285.64%,128.90-17.23%,-10.97%,31.86,58.81%-2.93%,13.05%,84.7025.96%,-28.91%,5.10 (4.78%),16.30,-3.11%-1.75%,,,-37.26%,4.97 (4.66%),2.75,-26.46%,13.21%,2.99,-18.43%,0.38,-5.41%,8.74%,60.13,3.23,1.59% 2.05%,0.66,-50.12%,2.82%,0.55,103.41%,62.02,-2.01%,7.78%,0.84,106.04,48.99,3.11%,2.56M,106.69,"Aug 01, 1968",1.18%1.73%,,"2,151,278",
AUPH,Aurinia Pharmaceuticals Inc,,,7.28,2.29,7.63%,2.22B,14.13,9.25%,8.15%,7.77%,7.11,-54.40%,6.42,15.62%,3.60,48.52%,4.39%,5.00,66.12%,19.25-13.51%,37.83%,12.72,- -,47.53%,10.3461.03%,74.35%,-,11.47,28.30%41.38%,,,22.07%,-,5.89,444.46%,45.15%,0.66,674.42%,4.97,19.76%,100.84%,59.27,1.67,- -,5.42,79.16%,7.59%,1.41,0.00%,0.10,18.87%,4.44%,0.84,17.27,0.07,7.96%,1.48M,16.65,"Oct 20, 2003",16.67%3.45%,,"1,248,763",
FR,First Industrial Realty Trust Inc,,,22.92,2.75,0.10%,8.62B,32.83,-5.13%,2.93%,0.78%,11.35,33.85%,3.42,1.37%,3.01,6.48%,9.88%,75.53,13.44%,69.88-9.95%,27.00%,36.09,-11.76%4.05%,6.79%,49.3827.44%,27.34%,1.99 (3.17%),21.91,10.43% 10.07%,,,15.35%,1.89 (3.00%),14.73,34.29%,41.59%,1.16,123.98%,4.45,8.44%,47.94%,41.69,1.94,14.69%12.22%,4.45,39.51%,-1.65%,1.05,95.38%,0.93,8.20%,-2.08%,0.57,62.62,0.93,3.65%,1.13M,62.93,"Jun 24, 1994",30.96%-0.45%,,"639,502",
CTRN,Citi Trends Inc,,,51.29,1.40,-2.98%,597.33M,25.38,16.20%,11.69%,87.58%,0.70,436.25%,5.03,57.92%,4.78,2.59%,72.55%,7.37,10.34%,77.91-7.96%,123.95%,20.78,-55.60%-23.03%,3.93%,29.20145.58%,225.36%,-,39.03,1.04% 0.92%,,,-5.36%,-,0.87,131.89%,-0.02%,3.17,264.01%,0.53,10.48%,1.42%,57.99,1.00,- -,1.15,757.41%,0.74%,1.82,0.00%,1.81,14.44%,12.05%,1.02,70.15,1.46,44.98%,174.95K,71.71,"May 18, 2005",236.41%6.18%,,"178,208",
SHEN,Shenandoah Telecommunications Co,,,-,-0.81,-7.08%,682.65M,-,7.40%,5.60%,-23.56%,1.86,-24.08%,6.16,-8.46%,0.79,-2.37%,6.66%,12.46,-5.09%,17.34-28.91%,-3.22%,-,-62.34%-,-2.83%,9.6627.57%,-45.08%,-,12.46,10.20% 10.14%,,,-59.84%,0.11 (0.89%),3.94,-23.53%,-4.49%,0.67,-24.67%,0.81,5.01%,-12.23%,44.33,1.50,11.20%-20.20%,0.81,12.85%,-2.77%,0.69,-,0.85,5.53%,-6.68%,0.69,12.32,0.84,-8.02%,445.98K,12.33,"Apr 26, 1999",30.18%0.68%,,"307,841",
CIVB,Civista Bancshares Inc,,,10.26,2.69,-3.19%,573.62M,9.50,-2.44%,2.47%,7.60%,2.20,1.67%,3.81,12.98%,1.01,1.28%,24.21%,-,11.16%,29.97-7.91%,38.76%,9.84,0.54% 5.78%,8.01%,19.7539.71%,58.71%,0.72 (2.61%),-,17.98% 14.77%,,,19.90%,0.71 (2.57%),-,6.47%,25.10%,0.65,95.47%,-,4.88%,20.74%,39.62,2.00,6.69% 9.10%,0.07,-3.14%,-3.33%,0.65,25.73%,0.41,4.29%,-1.91%,3.00,27.54,0.19,11.58%,131.38K,27.60,"Apr 06, 1994",2.99%-1.00%,,"393,727",
FSTR,L.B. Foster Co,,,35.93,1.06,-1.70%,400.59M,18.80,-10.84%,2.75%,0.00%,0.72,134.78%,2.85,21.70%,2.22,3.33%,41.30%,69.31,6.46%,45.81-16.87%,70.53%,8.51,--15.93%,4.59%,22.3270.61%,96.29%,-,12.24,2.77% 1.66%,,,120.24%,-,0.83,-67.50%,4.75%,1.65,236.69%,1.15,10.13%,2.04%,37.91,3.00,- -,2.00,10.38%,-4.59%,1.16,0.00%,0.40,-3.49%,-8.56%,0.50,37.95,0.39,13.31%,92.34K,38.08,"Jun 09, 1981",-28.40%3.02%,,"46,372",
VTRS,Viatris Inc,,,-,-0.36,0.55%,18.75B,6.10,-5.56%,4.06%,-0.85%,1.27,6.37%,4.56,2.51%,1.32,-1.12%,31.08%,13.30,-2.75%,18.39-11.26%,52.67%,9.59,--21.93%,-1.58%,9.4373.16%,45.07%,0.52 (3.18%),7.32,-4.04%3.66%,,,11.10%,0.48 (2.94%),2.10,87.81%,9.69%,0.46,-66.46%,0.87,4.92%,-2.78%,44.53,2.42,0.00% -,1.49,-2517.95%,-2.96%,0.88,-,0.96,5.05%,-1.71%,0.65,16.12,0.83,13.21%,10.02M,16.32,"Mar 17, 1980",14.79%2.21%,,"6,494,519",
RCKY,Rocky Brands Inc,,,12.29,3.81,-1.56%,350.55M,11.14,16.68%,3.30%,30.77%,0.69,51.69%,4.10,38.64%,1.33,6.01%,59.53%,133.29,11.48%,53.01-11.73%,75.54%,21.32,2.12% 0.70%,7.54%,25.8680.90%,136.43%,-,8.76,-7.83%11.69%,,,-1.14%,0.64 (1.36%),0.95,54.03%,8.84%,1.78,352.51%,1.12,9.24%,5.72%,55.19,2.50,0.00% 2.06%,2.97,279.42%,-1.77%,2.37,20.96%,0.49,12.04%,7.93%,0.81,46.38,0.45,25.07%,58.06K,46.79,"Feb 03, 1993",442.86%7.53%,,"46,885",
SBLK,Star Bulk Carriers Corp,,,11.93,2.56,4.99%,3.47B,7.20,12.34%,2.43%,13.30%,2.89,366.74%,1.49,20.84%,1.38,7.41%,58.69%,6.16,11.68%,30.90-1.29%,60.70%,11.98,-49.13%48.64%,8.66%,16.7282.42%,74.29%,3.91 (12.80%),7.94,-10.15%8.54%,,,50.17%,1.88 (6.16%),3.28,141.62%,27.84%,0.94,626.19%,1.91,6.34%,23.87%,66.58,1.00,-64.13%43.10%,1.91,432900.00%,5.99%,0.71,41.14%,0.41,44.46%,12.07%,2.04,30.06,0.32,27.67%,1.38M,30.50,"Feb 27, 2006",26.91%0.11%,,"2,808,266",
MGM,MGM Resorts International,,,26.47,1.65,-0.82%,11.00B,21.85,-2.78%,11.62%,16.14%,0.62,-44.35%,5.40,18.89%,4.38,1.04%,19.87%,4.32,15.44%,51.59-15.22%,20.76%,6.30,-39.80%-,1.30%,29.1849.87%,3.43%,-,17.64,10.14%27.71%,,,13.91%,-,2.22,-8.14%,6.49%,0.91,81.04%,1.30,3.19%,2.38%,42.36,2.40,- -,1.33,521.89%,-1.63%,1.29,0.00%,12.00,1.05%,-4.92%,0.53,43.17,11.93,11.87%,3.70M,43.74,"May 02, 1988",5.49%0.79%,,"1,951,485",
NTGR,Netgear Inc,,,-,-0.93,-12.96%,571.30M,41.62,-16.09%,8.63%,-15.51%,0.82,-35.23%,5.89,0.72%,1.25,-3.23%,-14.31%,2.13,-5.26%,36.86-42.98%,-14.59%,-,35.90%-,-5.24%,19.0010.63%,65.90%,-,-,-9.09%-11.02%,,,-40.22%,-,0.50,-141.66%,-3.52%,0.99,-39.55%,1.80,-0.70%,-3.71%,34.06,1.50,- -,2.48,-20.65%,-10.28%,1.18,-,0.10,-1.41%,-9.81%,0.74,21.10,0.08,-11.67%,376.46K,21.02,"Jul 31, 2003",1103.01%6.82%,,"278,241",
GRAB,Grab Holdings Limited,,,25.13,0.14,-3.87%,14.19B,20.17,5.45%,10.61%,-2.25%,3.80,150.56%,5.76,-20.55%,2.10,4.85%,-30.26%,2.25,9.08%,6.62-47.43%,-30.54%,-,- -,8.31%,3.189.43%,6.42%,-,19.33,32.98%48.35%,,,-66.25%,-,2.78,430.18%,8.84%,0.13,-,1.51,21.45%,15.97%,44.31,1.24,- -,1.52,628.92%,-2.53%,0.89,0.00%,0.30,21.73%,-3.40%,0.55,3.51,0.06,-16.13%,47.22M,3.48,"Dec 01, 2020",21.21%0.20%,,"25,990,478",
WTBA,West Bancorporation,,,12.77,2.24,-4.32%,486.43M,10.14,4.97%,2.31%,19.97%,2.42,35.42%,4.94,12.10%,1.73,0.95%,28.62%,-,14.71%,30.33-5.90%,51.49%,10.01,-11.49%-0.67%,9.97%,18.7652.13%,53.52%,1.02 (3.57%),-,14.12% 12.56%,,,-2.53%,1.01 (3.54%),-,32.11%,24.34%,0.81,52.13%,-,0.14%,19.12%,53.51,3.00,0.00% 3.55%,0.33,37.19%,-0.28%,0.69,52.22%,1.33,1.39%,4.90%,1.79,28.46,0.37,16.76%,69.98K,28.54,"Jan 06, 1995",1.59%0.25%,,"124,918",
OCC,Optical Cable Corp,,,120.75,0.11,-22.19%,122.26M,-,-12.18%,11.12%,27.77%,1.56,-,0.90,135.95%,7.45,2.47%,211.24%,815.07,4.88%,27.98-50.50%,160.34%,-,-57.70%26.31%,3.80%,4.02244.53%,285.79%,-,51.95,1.87% 5.73%,,,305.79%,-,1.80,129.85%,2.49%,1.55,499.39%,0.74,13.61%,1.29%,41.73,1.00,- -,2.08,233.41%,-9.64%,0.58,-,0.55,26.58%,-17.94%,0.19,14.12,0.19,32.79%,735.08K,13.85,"Apr 02, 1996",- -,,"139,879",
TSCO,Tractor Supply Co,,,18.26,1.92,-2.37%,18.23B,17.07,15.37%,5.58%,10.45%,1.16,-6.15%,2.34,-33.95%,6.94,8.91%,-30.05%,78.70,39.51%,62.89-44.38%,-42.66%,59.37,1.99% 10.06%,11.63%,28.3623.34%,-18.89%,0.97 (2.77%),12.83,3.00% 7.89%,,,-11.72%,0.94 (2.69%),1.56,-5.90%,8.91%,1.14,104.02%,0.23,3.98%,6.42%,60.46,2.15,7.53%25.12%,1.33,-14.90%,3.53%,0.46,44.67%,2.49,2.29%,9.89%,0.70,35.05,2.31,-18.39%,12.36M,34.98,"Feb 18, 1994",-0.99%-0.82%,,"8,638,155",
HAFC,Hanmi Financial Corp,,,10.46,2.97,-4.10%,922.39M,9.29,-3.45%,3.33%,2.61%,2.05,26.39%,3.86,13.58%,1.14,1.12%,15.09%,-,11.26%,33.50-7.13%,31.65%,4.32,-8.85%12.80%,9.09%,22.8536.15%,77.16%,1.12 (3.60%),-,13.06% 10.87%,,,65.30%,1.11 (3.57%),-,38.09%,27.51%,0.58,23.85%,-,4.08%,19.67%,39.69,2.50,4.74%15.74%,0.13,57.57%,-2.47%,0.71,42.99%,0.21,2.05%,-2.73%,1.36,31.15,0.20,7.55%,249.80K,31.11,"May 14, 1997",2.93%-2.47%,,"338,663",
HPQ,HP Inc,,,10.96,2.71,-1.33%,27.17B,9.83,21.22%,8.55%,35.66%,0.47,-3.05%,4.29,59.82%,-,6.25%,33.35%,7.34,-,32.19-7.70%,11.78%,7.19,-3.82%5.79%,26.88%,17.5669.19%,-5.05%,1.20 (4.04%),6.63,-3.74%-0.43%,,,5.28%,1.19 (4.00%),0.59,4.12%,7.24%,1.22,106.03%,0.49,7.20%,4.42%,59.32,3.42,5.07%10.63%,0.79,14.55%,2.78%,1.20,43.62%,-,11.05%,14.92%,0.56,29.47,-,31.49%,18.19M,29.71,"Mar 17, 1961",21.01%2.99%,,"10,134,051",
CHCI,Comstock Holding Co Inc,,,7.75,2.36,7.34%,187.95M,-,21.22%,2.65%,32.08%,2.43,-,3.12,58.96%,2.31,31.57%,57.31%,7.42,36.37%,19.97-8.46%,19.71%,17.78,18.41%46.20%,29.22%,10.1480.28%,335.24%,-,9.92,16.94% 22.83%,,,224.69%,-,2.17,54.32%,21.48%,0.99,904.40%,7.67,39.20%,32.16%,66.55,-,- -,7.67,502.81%,13.73%,-0.39,0.00%,0.06,74.07%,16.27%,0.45,18.56,0.05,25.70%,31.58K,18.28,"Dec 14, 2004",- -,,"14,059",
TITN,Titan Machinery Inc,,,-,-2.35,9.55%,470.24M,-,6.32%,4.37%,7.91%,0.20,34.91%,4.39,-1.13%,0.83,-3.14%,34.18%,15.90,-9.15%,25.00-19.28%,3.83%,2.29,- -,-6.66%,13.2152.76%,-29.49%,-,36.73,3.18% 11.45%,,,-26.27%,-,0.55,10.46%,-0.10%,0.97,91.10%,0.22,-11.72%,-2.28%,59.54,2.00,- -,1.38,5.20%,8.50%,1.42,-,1.52,-12.11%,5.45%,1.79,18.09,0.42,10.02%,205.60K,20.18,"Dec 06, 2007",19.44%7.57%,,"367,035",
SSBI,Summit State Bank,,,38.41,0.33,-0.46%,87.52M,-,-3.16%,0.21%,-4.03%,1.51,-,1.68,-6.06%,0.86,0.23%,10.58%,-,2.26%,14.00-8.14%,10.29%,4.93,-26.45%-8.50%,2.08%,10.3524.25%,-23.22%,-,-,1.29% 7.49%,,,-12.25%,-,-,239.67%,5.08%,0.20,29.18%,-,-6.91%,3.88%,44.35,-,- -,0.18,-153.97%,-0.91%,0.19,0.00%,0.07,-3.46%,-3.45%,0.05,12.65,0.07,0.73%,5.63K,12.86,"Jul 14, 2006",- -,,303,
INTU,Intuit Inc,,,22.22,16.51,6.17%,100.39B,13.43,30.36%,4.54%,19.52%,4.80,18.25%,2.25,-3.56%,4.88,12.08%,-44.60%,14.81,22.50%,705.08-47.95%,-47.40%,13.01,23.41% 14.60%,17.17%,252.8445.15%,-24.84%,4.69 (1.28%),15.26,13.95% 19.65%,,,-32.70%,4.80 (1.31%),4.80,33.69%,27.47%,14.53,225.35%,1.45,15.07%,21.91%,68.10,1.89,15.21%14.43%,1.45,11.01%,9.79%,0.97,30.43%,0.33,10.37%,22.61%,0.64,361.87,0.29,-17.06%,5.41M,367.00,"Mar 12, 1993",1.83%0.22%,,"3,450,555",
DUOL,Duolingo Inc,,,17.53,8.34,10.01%,6.84B,43.71,21.10%,18.29%,38.33%,5.97,-67.60%,5.41,29.39%,4.84,22.72%,-16.74%,5.20,34.42%,355.00-58.84%,-57.71%,16.76,- -,27.46%,87.8966.26%,15.16%,-,31.43,41.08%45.03%,,,15.95%,-,4.90,241.66%,14.21%,8.38,-,2.72,29.36%,35.87%,59.08,2.78,- -,2.72,-27.49%,6.76%,0.89,0.00%,0.06,18.31%,12.08%,0.51,147.03,0.06,9.00%,1.34M,146.13,"Jul 28, 2021",9.31%0.97%,,"679,602",
SST,System1 Inc,,,-,-11.33,-17.87%,16.81M,-,6.63%,7.33%,-24.90%,0.09,-,0.97,-45.03%,-,-25.44%,-50.77%,0.41,-581.58%,9.30-79.25%,-71.32%,-,40.79%-12.46%,-46.88%,1.3542.96%,-88.71%,-,40.54,-26.31%-,,,-98.04%,-,1.38,-17.25%,-30.18%,0.26,-,0.77,-42.93%,-50.66%,47.76,1.00,- -,0.77,30.89%,3.51%,1.55,-,-,-61.34%,-13.25%,0.19,1.94,-,-39.80%,163.38K,1.93,"Aug 07, 2020",- -,,"30,305",
CMPR,Cimpress plc,,,23.21,3.78,-7.19%,2.13B,11.42,-9.94%,10.40%,-7.88%,0.57,31.93%,9.83,21.36%,-,4.60%,31.66%,8.58,-,106.57-17.74%,48.87%,11.67,- -,7.71%,56.3455.61%,37.37%,-,9.22,6.66% 7.72%,,,-4.85%,-,1.01,563.10%,6.89%,4.20,-9.66%,0.55,9.80%,2.57%,35.20,1.00,- -,0.73,194.94%,-8.37%,1.81,0.00%,-,8.68%,-8.10%,0.75,88.86,-,6.94%,216.39K,87.67,"Sep 30, 2005",-20.16%-0.06%,,"161,452",
ENTA,Enanta Pharmaceuticals Inc,,,-,-2.41,2.36%,392.32M,-,4.02%,9.36%,-2.60%,6.01,32.18%,12.51,-0.30%,3.88,-21.15%,-14.58%,2.07,-70.12%,17.15-21.46%,56.81%,-,13.40%-16.17%,-26.08%,7.0591.06%,-15.39%,-,-,-8.82%-11.81%,,,-73.75%,-,5.90,44.24%,-89.99%,0.61,-42.51%,3.76,0.70%,-96.89%,52.46,1.14,- -,3.76,21.50%,2.18%,0.93,-,1.80,-21.60%,0.98%,1.62,13.13,1.40,-0.18%,206.85K,13.47,"Mar 21, 2013",-31.50%-14.34%,,"335,246",
LCNB,LCNB Corp,,,11.25,1.73,-2.12%,276.97M,10.50,-0.61%,1.06%,18.69%,2.22,10.12%,3.52,11.31%,0.99,1.08%,18.55%,-,8.96%,21.32-8.86%,27.74%,7.64,-5.42%1.02%,6.68%,14.3135.83%,22.66%,0.88 (4.53%),-,15.46% 9.38%,,,11.09%,0.88 (4.53%),-,15.53%,24.03%,0.60,10.90%,-,-2.20%,19.57%,48.86,3.00,2.80% 3.81%,0.02,25.87%,-2.61%,0.57,53.92%,0.39,1.60%,3.34%,0.92,19.53,0.30,13.76%,39.93K,19.43,"Aug 28, 1995",21.84%4.77%,,"36,605",
MCFT,MasterCraft Boat Holdings Inc,,,37.91,0.67,1.92%,622.12M,13.12,6.97%,5.12%,9.27%,2.08,80.07%,5.93,9.32%,2.19,4.03%,34.64%,7.35,5.86%,28.44-10.48%,26.54%,24.25,-53.99%-,5.81%,17.1948.11%,-0.90%,-,25.54,-23.77%-4.78%,,,4.09%,-,1.80,231.60%,3.86%,0.92,121.20%,1.38,9.79%,3.68%,59.76,2.86,- -,1.83,-120.20%,2.74%,1.08,0.00%,0.00,2.96%,4.31%,1.11,25.32,0.00,14.97%,158.14K,25.46,"Jul 17, 2015",26.30%3.51%,,"175,974",
DOCU,DocuSign Inc,,,40.26,1.54,-0.06%,11.84B,12.17,31.80%,7.98%,26.61%,3.60,17.83%,4.06,39.39%,6.58,7.95%,-9.36%,14.23,16.44%,86.65-28.45%,-12.36%,10.57,- -,15.86%,40.1654.38%,29.25%,-,23.93,8.57% 17.25%,,,-78.32%,-,3.41,-70.89%,10.64%,2.68,-,0.66,8.42%,9.59%,62.48,2.62,- -,0.66,17.51%,5.72%,0.88,0.00%,0.10,8.72%,20.16%,0.48,62.28,0.09,15.07%,3.73M,62.00,"Apr 27, 2018",9.69%0.67%,,"1,789,294",
OCFC,OceanFirst Financial Corp,,,22.42,0.85,-3.59%,1.88B,8.28,-2.16%,4.83%,1.38%,2.50,24.98%,3.86,-1.45%,0.78,0.26%,6.18%,-,2.36%,20.61-7.52%,10.81%,19.70,-21.56%2.78%,1.02%,17.0511.79%,11.59%,0.80 (4.21%),-,12.53% 9.44%,,,-9.97%,0.80 (4.20%),-,-39.66%,16.87%,0.41,-0.26%,-,10.46%,6.38%,43.76,2.14,- -,0.03,-115.36%,-2.17%,0.96,68.43%,0.98,32.13%,-0.93%,0.69,19.08,0.95,1.47%,1.06M,19.06,"Jul 03, 1996",0.47%-3.17%,,"729,023",
BJRI,BJ's Restaurant Inc,,,35.64,1.87,-1.75%,1.42B,24.41,2.57%,7.73%,50.36%,0.99,4.85%,3.01,62.04%,3.56,4.06%,69.44%,98.42,10.44%,74.60-10.51%,94.41%,30.88,132.22%-,5.19%,28.46134.57%,122.16%,-,14.52,2.91% 12.44%,,,75.04%,-,1.28,56.84%,3.03%,2.66,65.12%,0.22,3.54%,2.86%,52.43,2.20,- -,0.29,-11.28%,-1.87%,1.31,0.00%,1.09,6.37%,6.11%,0.82,64.23,0.99,46.68%,502.60K,66.76,"Oct 09, 1996",4.95%3.13%,,"411,377",
XPEL,XPEL Inc,,,25.96,1.98,2.68%,1.42B,18.06,20.97%,9.77%,17.40%,2.79,18.92%,9.83,0.27%,4.62,13.84%,2.87%,34.80,19.48%,55.91-8.17%,39.89%,-,7.29% 22.82%,15.08%,31.5062.98%,-37.73%,-,17.49,13.70% 24.54%,,,-26.39%,-,2.86,12.64%,13.41%,1.94,4306.87%,1.14,13.19%,10.77%,63.32,1.00,- -,2.61,11.42%,7.41%,1.13,0.00%,0.21,14.71%,10.15%,0.48,50.36,0.19,10.34%,248.27K,51.34,"Oct 19, 2006",12.71%5.90%,,"118,623",
CLDX,Celldex Therapeutics Inc,,,-,-4.36,-3.74%,3.17B,-,14.00%,10.05%,32.05%,19818.88,-6.35%,7.32,75.41%,4.44,-40.76%,48.67%,4.46,-43.88%,45.14-10.54%,83.38%,-,-17.59%-14.07%,-41.86%,20.3798.23%,32.09%,-,-,-13.13%-26.93%,,,-15.08%,-,15403.94,-44.90%,-206220.25%,1.72,-31.85%,11.82,-97.27%,-190220.89%,52.87,1.19,- -,11.82,-10.77%,-0.15%,0.84,-,0.01,-96.99%,7.60%,0.80,39.94,0.00,31.25%,1.04M,40.38,"May 15, 1986",11.03%-97.01%,,"837,685",
PDD,PDD Holdings Inc ADR,,,9.63,9.17,4.23%,125.80B,7.18,6.10%,2.49%,-9.62%,2.02,-5.09%,4.00,-15.78%,2.05,16.47%,-22.06%,1.70,25.52%,139.41-36.60%,-28.12%,-,38.01%-,22.09%,71.9422.85%,13.22%,-,-,45.79%47.45%,,,14.35%,-,0.84,-1.85%,22.14%,2.40,-,2.54,11.69%,21.86%,52.14,1.93,- -,2.54,-10.37%,-0.33%,-0.00,0.00%,0.01,16.69%,4.56%,0.80,89.52,0.01,-12.12%,8.63M,88.38,"Jul 26, 2018",-41.59%-2.78%,,"6,897,133",
HAS,Hasbro Inc,,,16.81,5.56,-3.27%,13.19B,14.37,7.09%,5.28%,3.84%,2.65,10.98%,3.53,-7.81%,18.74,14.17%,14.07%,9.57,167.83%,106.98-12.56%,17.79%,10.87,- -,19.58%,69.5034.59%,47.89%,2.79 (2.99%),10.11,-7.06%-2.96%,,,-2.40%,2.80 (2.99%),3.16,239.63%,28.13%,2.37,15.93%,1.46,16.87%,15.97%,55.76,1.44,0.00% 0.58%,1.66,118.43%,-0.45%,0.47,-,5.50,16.19%,7.29%,0.95,93.56,4.75,5.39%,2.09M,93.54,"Aug 11, 1971",10.67%6.62%,,"1,977,498",
SILC,Silicom Ltd,,,-,-1.72,-11.23%,250.73M,180.45,3.95%,2.18%,2.76%,3.32,68.19%,0.64,122.20%,2.18,-6.30%,198.91%,8.00,-8.28%,52.95-17.02%,185.88%,-,- -,-8.21%,13.34229.28%,69.52%,-,-,-25.64%-10.43%,,,2.11%,-,2.99,24.86%,-14.17%,4.12,14.13%,1.31,28.60%,-12.98%,50.69,1.00,- -,3.06,37.82%,2.45%,1.57,-,0.06,58.51%,1.63%,0.83,41.40,0.04,55.38%,182.78K,43.94,"Feb 18, 1994",33.33%15.70%,,"152,435",
COIN,Coinbase Global Inc,,,-,-3.84,25.61%,49.20B,72.40,15.72%,10.12%,-3.65%,10.26,-160.25%,2.65,8.84%,3.76,-3.96%,-17.53%,5.43,-7.85%,402.16-53.63%,-37.89%,28.71,-52.26%,-5.14%,139.1134.06%,147.73%,-,-,31.00%41.24%,,,-27.53%,-,9.76,-132.70%,-37.56%,10.04,-,2.42,-43.42%,-20.60%,66.96,2.00,- -,2.42,-126.57%,19.70%,3.37,0.00%,0.51,-61.10%,17.66%,2.77,172.35,0.47,-6.06%,8.22M,186.49,"Apr 14, 2021",-206.44%-5.59%,,"22,736,001",
FCEL,Fuelcell Energy Inc,,,-,-6.57,-12.65%,1.56B,-,-16.14%,20.94%,-25.93%,9.31,64.40%,1.37,154.43%,1.72,-23.56%,167.31%,4.01,-30.70%,37.88-48.42%,390.95%,-,13.39% 9.89%,-24.48%,3.79415.57%,-57.71%,-,-,6.62% 17.42%,,,-88.73%,-,8.27,11.38%,-68.95%,2.74,-98.99%,7.20,29.71%,-134.32%,46.25,2.67,- -,8.59,18.77%,-6.03%,2.37,-,0.19,-4.86%,-10.88%,0.65,18.36,0.17,51.09%,11.67M,19.54,"Jun 25, 1992",-179.06%-12.05%,,"7,568,379",
MDB,MongoDB Inc,,,-,-0.37,-6.41%,34.65B,58.83,44.02%,3.36%,35.69%,13.32,23.18%,1.33,25.04%,11.82,-0.80%,2.65%,14.28,-0.97%,473.10-8.93%,103.26%,58.62,44.17%28.00%,-0.98%,206.92108.21%,20.14%,-,-,24.26%33.07%,,,17.18%,-,12.41,68.36%,-4.18%,20.81,-,4.74,23.64%,-1.12%,61.48,1.57,- -,4.74,111.72%,9.36%,1.56,-,0.02,25.25%,20.62%,0.47,420.37,0.01,26.81%,1.96M,430.83,"Oct 19, 2017",10.80%3.47%,,"918,566",
IBM,International Business Machines Corp,,,20.92,11.27,0.58%,222.04B,17.93,14.05%,2.37%,-6.83%,3.21,6.22%,1.99,-8.35%,6.44,7.12%,-20.43%,27.15,34.55%,332.46-29.11%,-1.55%,16.10,83.86%12.36%,11.51%,199.1918.32%,65.65%,6.76 (2.87%),14.21,3.72% 4.12%,,,77.37%,6.74 (2.86%),4.04,82.11%,20.91%,8.10,54.18%,0.71,7.90%,15.52%,49.60,2.18,0.60% 0.61%,0.76,-1.87%,1.72%,0.70,60.09%,1.89,1.09%,-4.72%,0.35,233.69,1.70,-11.40%,11.18M,235.68,"Nov 11, 1915",-0.54%-1.73%,,"3,888,751",
DASH,DoorDash Inc,,,117.35,1.90,2.98%,96.84B,49.11,31.64%,4.78%,40.32%,6.09,21.34%,3.96,26.77%,9.76,4.61%,-1.32%,17.13,8.93%,285.50-21.72%,-8.85%,45.28,- -,6.41%,143.3055.96%,191.76%,-,50.59,27.73%36.58%,,,21.41%,-,5.95,4.61%,5.46%,8.04,-,1.36,33.59%,5.29%,69.93,1.45,- -,1.36,-29.98%,7.20%,1.78,0.00%,0.33,35.63%,16.68%,0.82,222.36,0.32,19.18%,4.57M,223.49,"Dec 09, 2020",-1.73%2.64%,,"3,761,461",
CRM,Salesforce Inc,,,24.21,8.64,6.61%,171.31B,13.38,33.29%,3.71%,18.64%,4.00,13.07%,1.97,12.97%,5.00,7.82%,-21.04%,14.47,16.91%,269.11-22.27%,-14.91%,11.68,234.40%12.24%,10.56%,146.3242.95%,0.07%,1.00 (0.48%),15.38,9.82% 14.34%,,,-18.33%,1.71 (0.82%),4.72,34.24%,21.87%,8.06,169.97%,0.71,10.98%,18.73%,66.14,1.70,- -,0.71,52.27%,8.62%,1.16,21.33%,1.24,13.27%,19.80%,0.65,205.43,1.22,4.16%,14.91M,209.17,"Jun 23, 2004",24.05%0.72%,,"9,685,441",
HUBS,HubSpot Inc,,,84.96,2.83,7.08%,11.97B,14.35,26.31%,9.39%,20.99%,3.47,36.97%,2.31,2.79%,7.19,4.09%,-40.19%,8.95,7.89%,525.51-54.33%,-47.36%,15.06,- -,7.91%,169.6341.49%,-52.29%,-,33.82,21.85%28.81%,,,-63.84%,-,3.15,1358.76%,3.89%,17.26,326.31%,1.22,21.08%,4.26%,55.71,2.13,- -,1.22,1485.44%,4.16%,1.17,0.00%,0.14,19.81%,14.45%,0.48,239.86,0.12,-10.59%,1.95M,240.01,"Oct 09, 2014",8.08%1.49%,,"942,510",
PERI,Perion Network Ltd,,,-,-0.35,0.20%,385.83M,6.93,5.71%,3.40%,10.97%,0.88,10.62%,2.70,9.00%,0.62,-1.46%,2.40%,1.43,-1.96%,11.27-12.95%,6.98%,10.18,- -,-2.00%,7.6228.66%,-70.82%,-,53.63,-11.76%6.04%,,,-45.50%,-,0.32,-195.80%,-3.96%,0.31,159.52%,2.53,2.86%,-2.95%,56.68,2.00,- -,2.53,-121.19%,1.46%,1.17,-,0.04,-4.60%,4.97%,0.66,9.50,0.03,3.85%,459.23K,9.81,"Jan 31, 2006",16.13%1.57%,,"304,286",
BPOP,Popular Inc,,,11.42,14.81,-4.95%,10.78B,9.70,-1.06%,3.17%,13.12%,2.37,31.34%,3.91,14.58%,1.68,1.25%,35.78%,-,15.65%,179.24-5.67%,42.08%,13.66,-5.61%1.42%,13.36%,108.7455.48%,156.17%,3.16 (1.87%),-,12.70% 10.09%,,,124.80%,3.00 (1.77%),-,43.71%,24.90%,3.59,346.21%,-,3.80%,21.28%,42.07,1.10,9.65%12.63%,0.10,40.88%,-2.99%,0.62,23.57%,0.25,4.38%,-0.46%,0.91,168.22,0.13,18.08%,505.48K,169.07,"Nov 04, 1982",16.95%3.48%,,"460,310",
PROV,Provident Financial Holdings Inc,,,17.48,1.03,0.00%,112.44M,14.16,4.47%,0.61%,4.41%,1.88,30.58%,3.89,10.65%,0.89,0.54%,13.01%,-,5.22%,18.47-2.65%,19.07%,15.19,-4.93%0.47%,3.89%,14.9520.27%,29.07%,0.56 (3.11%),-,5.99% 8.43%,,,3.93%,0.56 (3.11%),-,11.59%,16.15%,0.30,-7.65%,-,-0.79%,11.15%,63.76,3.00,0.00% 0.00%,0.24,41.08%,0.55%,0.32,54.55%,1.24,1.58%,3.15%,0.85,17.90,0.36,8.69%,7.74K,17.98,"Jun 28, 1996",20.69%5.94%,,"6,600",
BSX,Boston Scientific Corp,,,20.42,2.47,-2.82%,73.00B,14.72,15.58%,1.55%,-11.86%,3.48,7.95%,1.07,-32.46%,2.92,8.47%,-47.17%,112.65,15.52%,109.50-54.00%,-52.12%,20.14,63.23%-,10.25%,42.2019.36%,-0.10%,-,14.22,16.54% 15.16%,,,13.34%,-,4.06,46.29%,21.80%,1.74,108.40%,0.74,13.53%,17.50%,56.86,1.45,- -,1.24,15.25%,2.33%,0.57,0.00%,0.51,7.53%,8.52%,1.73,49.37,0.44,-27.45%,20.80M,50.37,"May 19, 1992",2.93%1.25%,,"35,992,164",
FTNT,Fortinet Inc,,,54.09,2.84,-4.06%,112.63B,40.76,1.30%,2.37%,18.58%,14.96,24.71%,2.45,91.89%,72.60,19.73%,93.31%,27.68,117.44%,172.09-10.80%,97.44%,36.13,31.56%32.99%,103.55%,73.55108.72%,162.90%,-,42.01,15.46% 21.25%,,,157.62%,-,14.49,12.93%,32.37%,6.23,2099.28%,1.19,18.77%,28.17%,45.76,2.84,- -,1.28,43.86%,-3.17%,1.05,0.00%,0.32,25.64%,-1.62%,0.69,150.79,0.32,44.58%,5.86M,153.51,"Nov 18, 2009",20.58%8.44%,,"4,054,822",
EXTR,Extreme Networks Inc,,,73.31,0.31,-5.69%,3.00B,15.14,-22.57%,6.06%,-3.68%,2.34,23.12%,3.78,63.84%,34.10,3.61%,38.26%,14.19,54.64%,33.73-31.75%,15.33%,31.54,-18.86%83.02%,16.68%,13.4870.83%,-17.67%,-,26.26,-0.74%4.92%,,,117.37%,-,2.33,657.27%,5.05%,1.33,490.26%,0.81,12.59%,3.28%,34.37,1.25,- -,0.93,329.59%,-11.85%,1.77,0.00%,2.20,10.28%,-21.06%,0.75,22.32,1.85,11.05%,2.03M,23.02,"Apr 09, 1999",10.34%1.82%,,"1,513,753",
SRPT,Sarepta Therapeutics Inc,,,-,-2.90,3.81%,1.98B,25.08,18.32%,27.30%,10.79%,1.01,145.46%,8.35,-0.48%,1.30,-7.75%,-12.69%,2.52,-18.45%,25.32-25.79%,-6.33%,30.63,3.92%-0.05%,-10.34%,14.6828.00%,-83.48%,-,-,33.06%32.41%,,,-75.05%,-,1.14,-349.84%,-3.15%,0.95,-26.74%,2.62,-20.44%,-13.48%,59.42,2.73,- -,4.42,-102.46%,9.47%,0.23,-,0.68,-34.34%,8.68%,0.51,19.22,0.68,-1.20%,3.30M,18.79,"Jun 04, 1997",-123.01%9.51%,,"1,674,597",
ANGO,Angiodynamic Inc,,,-,-0.89,-0.63%,650.99M,-,17.19%,3.34%,31.69%,2.03,-77.29%,2.72,40.37%,3.84,-13.43%,22.66%,12.09,-20.77%,16.29-3.31%,73.65%,-,12.67%-1.46%,-20.40%,8.9476.17%,84.86%,-,965.22,-1.86%1.93%,,,-43.67%,-,1.90,-6.34%,-6.97%,0.52,-2.72%,1.48,9.46%,-11.48%,64.67,1.00,- -,2.18,-85.30%,2.85%,0.32,-,0.06,8.05%,13.00%,0.33,15.82,0.05,30.70%,449.97K,15.75,"May 27, 2004",21.96%7.93%,,"149,961",
QURE,uniQure NV,,,-,-4.05,-0.51%,3.36B,-,22.67%,16.57%,95.36%,179.71,-13.18%,5.64,106.44%,10.35,-32.13%,102.13%,4.14,-157.61%,71.50-32.35%,211.06%,-,-8.45%-4.24%,-28.88%,8.73454.07%,444.09%,-,-,-46.73%-15.57%,,,80.49%,-,165.89,-3.25%,-1093.18%,2.24,489.16%,10.01,30.24%,-1350.73%,64.50,1.36,- -,10.01,-77.81%,7.76%,0.94,-,1.70,11.00%,13.23%,0.36,48.89,1.69,76.54%,1.90M,48.37,"Feb 05, 2014",-48.36%7.19%,,"673,858",
ACN,Accenture plc,,,14.80,12.52,4.74%,113.38B,12.62,33.54%,5.39%,4.17%,1.55,7.20%,3.90,-13.96%,3.55,11.79%,-30.94%,11.15,24.95%,291.09-36.35%,-27.05%,9.01,4.30% 9.01%,19.76%,118.1556.82%,-39.55%,6.49 (3.50%),8.68,4.19% 9.47%,,,-44.30%,6.52 (3.52%),1.55,-0.66%,15.47%,8.03,63.89%,1.34,6.74%,10.66%,66.96,2.00,15.12%13.09%,1.34,9.01%,7.06%,1.08,48.71%,0.26,5.59%,20.82%,0.57,181.35,0.24,-9.95%,8.46M,185.28,"Jul 19, 2001",2.43%-0.32%,,"4,837,786",
LMT,Lockheed Martin Corp,,,20.77,27.13,-7.41%,130.07B,17.25,-0.88%,1.18%,7.80%,1.69,41.59%,2.20,-14.38%,14.78,10.36%,16.52%,34.31,89.16%,692.00-18.56%,26.02%,14.90,-0.27%-2.43%,21.45%,437.2528.89%,24.82%,14.05 (2.49%),13.63,4.38% 2.79%,,,57.79%,13.65 (2.42%),1.91,52.79%,11.80%,15.72,121.77%,1.01,7.20%,8.16%,45.98,2.48,5.40% 6.38%,1.19,444.26%,-4.08%,0.11,62.13%,2.34,10.51%,2.74%,0.89,571.48,2.34,2.00%,1.24M,563.57,"Oct 11, 1961",10.36%3.74%,,"1,100,126",
PAYC,Paycom Software Inc,,,24.34,9.41,5.02%,10.14B,16.54,65.16%,8.63%,70.50%,4.74,30.77%,3.46,99.69%,17.76,10.56%,43.74%,51.23,41.09%,234.60-2.36%,1.66%,17.89,18.65%26.84%,31.96%,104.90118.37%,-19.24%,-,11.60,14.27% 19.51%,,,-51.20%,1.50 (0.65%),5.11,27.04%,30.30%,9.00,367.68%,1.02,9.23%,22.78%,77.58,2.50,- -,1.02,47.69%,16.17%,0.76,18.57%,1.72,9.84%,42.65%,0.71,226.72,1.67,56.97%,946.17K,229.07,"Apr 15, 2014",17.00%3.52%,,"668,026",
IPGP,IPG Photonics Corp,,,113.44,0.65,-14.61%,3.12B,32.32,-24.05%,13.63%,-39.21%,2.91,50.80%,7.51,-45.17%,1.46,1.15%,2.32%,3.58,1.30%,155.82-52.98%,-6.82%,149.81,-30.35%-24.47%,1.29%,71.382.63%,-26.08%,-,20.66,-11.12%-3.52%,,,-56.23%,-,2.11,113.32%,3.96%,5.55,-13.99%,4.80,13.04%,2.58%,32.84,1.82,- -,6.18,-21.21%,-13.57%,0.99,0.00%,0.01,11.11%,-25.54%,1.60,74.43,0.01,-28.07%,464.06K,73.26,"Dec 13, 2006",-67.17%-0.50%,,"744,540",
APLD,Applied Digital Corp,,,-,-0.89,-12.79%,7.93B,-,-8.97%,27.67%,-43.34%,13.76,15.38%,3.60,-6.30%,4.56,-4.48%,10.97%,2.00,-21.89%,50.72-46.36%,72.54%,-,-24.16%-19.33%,-3.59%,13.16106.76%,361.19%,-,-,122.64%-,,,250.46%,-,19.24,18.89%,-29.73%,2.49,44143.90%,4.01,167.37%,-43.39%,41.02,1.14,- -,4.01,-62.41%,-5.49%,5.75,-,2.86,580.68%,-17.23%,0.89,28.65,2.82,-15.76%,20.22M,27.21,"Jul 22, 2002",-242.11%167.15%,,"17,941,953",
WLK,Westlake Corp,,,-,-9.59,-0.78%,10.09B,23.66,4.92%,14.55%,-10.41%,0.89,442.81%,4.45,-16.39%,1.16,-6.11%,6.75%,5.45,-12.95%,124.23-36.46%,-4.60%,-,- -,-8.50%,56.3340.12%,-39.79%,2.19 (2.77%),12.29,-10.90%8.28%,,,-3.46%,2.12 (2.69%),1.30,-1725.20%,0.19%,2.66,55.04%,1.70,-3.95%,-10.88%,53.38,2.15,17.22%14.76%,2.45,283.32%,2.84%,0.63,-,0.68,10.77%,2.08%,0.69,78.85,0.66,-9.81%,1.09M,78.93,"Aug 11, 2004",9.84%0.82%,,"746,257",
EZJ,ProShares Ultra MSCI Japan 2x Shares,,,,,-6.17%,,,8.32%,,5.99%,,,,1.32%,,,28.12%,,,71.65-7.27%,40.03%,,,,46.1843.87%,108.60%,,,,,,48.34%,1.21 (1.83%),,,,1.63,138.66%,,,,50.67,,55.54%-,,,0.36%,1.37,,,,1.79%,0.15,65.02,,11.61%,3.13K,66.44,"Jun 05, 2009",,,457,
OMER,Omeros Corp,,,13.40,1.44,12.10%,1.39B,19.27,87.45%,22.09%,61.12%,36.31,1880.00%,7.26,60.05%,-,47.82%,12.20%,10.57,-,18.892.01%,330.13%,-,-53.45%,67.05%,3.94389.09%,429.40%,-,-,- -,,,30.47%,-,40.60,181.47%,-189.53%,0.96,69.93%,1.94,-,324.88%,85.88,2.00,- -,1.95,134.01%,33.39%,2.58,-,-,-,64.48%,1.22,18.63,-,66.89%,2.12M,19.27,"Oct 08, 2009",155.91%124.79%,,"2,582,621",
FIBK,First Interstate BancSystem Inc,,,11.57,3.24,-4.29%,3.57B,13.14,-1.60%,11.06%,6.51%,2.64,-2.38%,8.17,0.13%,1.08,1.21%,8.35%,-,9.62%,40.60-7.66%,24.84%,14.69,14.51% 3.04%,8.96%,29.1028.83%,42.06%,1.88 (5.02%),-,6.85% 16.01%,,,-17.57%,1.88 (5.01%),-,45.98%,29.41%,0.72,26.71%,-,-5.41%,23.97%,43.24,3.50,3.41% 6.07%,0.11,24.97%,-1.67%,0.73,63.99%,0.23,-7.80%,-1.80%,0.98,37.81,0.09,5.02%,1.10M,37.49,"Mar 24, 2010",25.78%5.85%,,"1,075,571",
HIFS,Hingham Institution For Savings,,,9.91,30.02,-3.85%,648.45M,-,6.27%,17.05%,4.88%,2.64,-,8.11,-5.43%,1.29,1.46%,5.01%,-,13.91%,337.99-12.00%,12.95%,18.34,13.27% 1.26%,3.46%,247.8919.98%,52.32%,-,-,26.02%15.57%,,,-2.32%,2.52 (0.85%),-,95.79%,35.78%,10.30,127.76%,-,12.91%,27.02%,48.62,-,-5.96%0.40%,0.15,168.68%,-0.47%,0.83,10.18%,2.77,33.11%,0.48%,1.29,298.90,2.77,2.46%,37.41K,297.42,"Dec 13, 1988",- -,,"48,145",
FMC,FMC Corp,,,-,-22.04,8.57%,1.38B,6.63,-5.73%,21.58%,-15.30%,0.42,-55.01%,6.79,-24.62%,0.84,-25.12%,-20.55%,2.90,-89.27%,40.84-73.02%,-71.99%,16.27,- -,-48.54%,9.9410.81%,-87.50%,0.36 (3.26%),25.88,-15.77%-5.67%,,,-87.44%,0.82 (7.44%),1.64,-2884.91%,-1.89%,0.56,-73.40%,1.48,-21.31%,-84.88%,53.67,2.71,-5.69%0.22%,1.99,-381.12%,4.03%,0.41,-,2.69,-17.46%,-0.10%,0.72,10.88,2.47,-18.91%,3.94M,11.02,"Sep 10, 1948",18.02%-3.13%,,"2,820,223",
APA,APA Corp,,,9.18,4.73,7.22%,15.20B,10.56,19.14%,8.63%,13.17%,1.73,54.16%,5.41,49.31%,2.17,9.30%,77.39%,34.24,25.95%,45.66-4.97%,110.32%,7.23,-28.73%-,15.58%,19.96117.38%,-1.16%,1.00 (2.31%),3.22,-6.96%15.00%,,,170.01%,1.00 (2.30%),2.22,58.92%,41.32%,1.48,-18.88%,0.79,-12.44%,19.04%,68.89,2.63,10.06%58.49%,0.95,26.33%,11.43%,0.36,25.04%,0.55,8.95%,20.06%,1.18,44.39,0.53,33.03%,5.56M,43.39,"Aug 02, 1963",-0.30%-2.50%,,"6,578,578",
CVBF,CVB Financial Corp,,,15.61,1.45,-2.92%,3.97B,11.38,0.94%,4.79%,11.07%,5.57,-1.10%,5.15,10.21%,1.25,1.12%,21.34%,-,7.60%,23.41-3.59%,17.25%,6.94,-3.16%3.19%,5.44%,17.9425.77%,29.94%,0.80 (3.56%),-,4.89% 6.49%,,,10.96%,0.80 (3.54%),-,-0.98%,43.64%,0.41,31.30%,-,8.42%,28.84%,48.03,1.83,1.28% 2.13%,0.10,-21.58%,-1.00%,0.65,52.73%,0.37,37.86%,0.73%,0.56,22.52,0.19,10.43%,1.54M,22.57,"Apr 04, 1983",-2.68%-2.81%,,"857,510",
MAYS,J.W. Mays Inc,,,-,-0.57,-1.93%,81.89M,-,5.66%,0.64%,-1.69%,3.82,-,1.05,-26.00%,1.59,-1.29%,1.90%,26.08,-2.20%,61.99-34.34%,8.82%,-,42.38%31.54%,-1.44%,37.558.39%,-14.32%,-,124.47,1.65% 1.93%,,,29.58%,-,5.11,-1427.81%,-7.74%,0.87,-14.50%,1.35,-3.91%,-5.37%,51.35,-,- -,1.35,-350.23%,1.65%,0.36,-,0.60,-5.64%,-0.32%,0.09,41.00,0.55,-2.56%,4.16K,40.70,"Sep 14, 1960",- -,,369,
SG,Sweetgreen Inc,,,69.90,0.10,11.31%,832.10M,-,15.73%,21.18%,-22.16%,1.22,60.17%,3.50,20.73%,1.78,1.58%,3.40%,5.83,3.07%,10.63-34.24%,-22.16%,-,13.05% 2.73%,1.75%,4.4955.68%,-50.28%,-,-,13.06%25.23%,,,-,-,1.53,113.52%,-17.91%,0.50,-,1.41,-0.65%,2.01%,57.30,2.60,- -,1.43,-12.42%,14.99%,2.20,-,0.76,3.81%,-3.28%,0.93,6.58,0.67,3.44%,6.10M,6.99,"Nov 18, 2021",-50.23%-0.95%,,"5,645,133",
ABBV,Abbvie Inc,,,74.92,3.54,6.21%,468.22B,16.23,3.13%,1.28%,23.52%,7.27,40.31%,3.39,17.86%,-,4.60%,15.96%,71.28,15221.82%,267.47-0.94%,26.47%,25.71,-29.11%-2.81%,11.08%,190.7538.90%,76.45%,6.87 (2.59%),17.80,1.75% 5.95%,,,122.99%,6.83 (2.58%),8.27,68.16%,34.18%,6.16,294.87%,0.69,10.39%,9.74%,64.11,1.62,5.21% 6.56%,0.81,288.03%,4.61%,0.28,281.66%,-,10.16%,6.84%,0.78,261.83,-,16.95%,6.65M,264.96,"Dec 10, 2012",1.24%1.11%,,"5,157,196",
MVBF,MVB Financial Corp,,,10.30,2.96,-0.68%,395.51M,12.14,6.49%,2.36%,18.08%,2.00,-3.40%,5.53,7.21%,1.15,1.15%,18.08%,-,12.00%,31.99-4.66%,32.96%,-,20.70%-7.63%,9.73%,22.8733.36%,21.03%,0.68 (2.23%),-,8.42% 8.17%,,,-23.25%,0.68 (2.23%),-,130.72%,4.23%,0.84,130.19%,-,-1.28%,19.59%,55.85,1.67,0.00%13.56%,0.15,508.78%,0.33%,0.80,33.08%,0.17,15.39%,3.92%,2.30,30.04,0.16,11.86%,49.69K,30.50,"Nov 11, 2003",174.01%7.76%,,"114,514",
CYRX,CryoPort Inc,,,-,-0.82,12.33%,867.62M,-,6.86%,5.16%,20.46%,4.65,-156.27%,3.22,102.96%,1.95,-4.30%,78.44%,2.19,-6.54%,16.891.42%,101.53%,-,-0.23%13.68%,-6.17%,7.61125.10%,19.87%,-,-,-9.45%17.49%,,,-70.20%,-,4.02,17.42%,-21.25%,0.71,756.50%,1.98,-8.01%,-21.92%,67.47,1.22,- -,2.08,24.23%,11.61%,1.90,-,0.47,7.74%,10.67%,1.33,16.71,0.09,49.44%,775.64K,17.13,"Jan 31, 2005",-3.47%1.65%,,"1,028,864",
RIOT,Riot Platforms Inc,,,-,-3.72,4.29%,7.44B,-,-16.89%,14.84%,-18.96%,11.03,-30.60%,2.78,26.47%,3.42,-35.08%,56.51%,13.56,-48.24%,30.32-34.60%,61.61%,-,18.94%-45.17%,-47.19%,11.5072.43%,84.81%,-,-,35.69%121.73%,,,-42.24%,-,11.52,-842.33%,-74.16%,2.04,612.71%,1.59,24.51%,-196.28%,46.37,1.27,- -,1.59,-217.77%,-2.62%,3.85,-,0.40,13.89%,-12.18%,1.48,20.98,0.28,7.35%,18.52M,19.83,"Jan 23, 2003",-124.20%12.91%,,"27,433,596",
NU,Nu Holdings Ltd,,,19.84,0.73,-4.27%,70.43B,13.04,2.75%,4.08%,10.79%,3.94,48.00%,1.91,-16.83%,5.32,4.96%,-12.90%,-,31.61%,18.98-23.18%,6.66%,7.69,- -,22.88%,11.2030.18%,98.37%,-,-,57.18%86.16%,,,-,-,-,55.50%,24.54%,0.63,-,-,53.50%,20.16%,54.90,1.55,- -,0.66,66.31%,1.96%,0.94,0.00%,3.17,53.59%,6.18%,0.86,14.21,0.19,-2.92%,76.84M,14.58,"Dec 09, 2021",9.38%9.10%,,"66,028,194",
MTRX,Matrix Service Co,,,-,-0.54,-7.05%,311.44M,15.93,-13.72%,2.49%,-11.65%,0.37,103.30%,2.93,-0.18%,2.23,-2.44%,-5.38%,1.34,-10.34%,15.97-30.66%,-25.80%,6.24,23.72% 3.11%,-9.77%,9.8812.04%,73.24%,-,-,2.82%-6.92%,,,4.24%,-,0.11,34.22%,-1.38%,0.40,-36.20%,0.88,13.88%,-1.77%,36.60,1.00,- -,0.90,123.74%,-5.07%,0.99,-,0.13,3.27%,-11.42%,0.66,11.18,0.10,-9.74%,225.23K,11.07,"Sep 26, 1990",-53.85%-10.72%,,"148,589",
ABNB,Airbnb Inc,,,42.57,4.40,1.76%,112.15B,30.21,36.15%,3.19%,39.52%,8.48,31.00%,3.07,46.45%,14.17,9.65%,38.00%,9.24,34.54%,189.20-1.00%,48.15%,23.09,13.17% -,26.19%,110.8169.03%,51.05%,-,35.48,13.58%29.50%,,,30.34%,-,7.75,6.18%,21.21%,5.75,-,1.41,14.20%,20.35%,71.76,2.17,- -,1.41,33.06%,10.84%,1.15,0.00%,0.32,16.54%,21.94%,1.01,185.00,0.32,37.55%,4.20M,187.30,"Dec 10, 2020",8.66%0.78%,,"4,246,257",
INTG,Intergroup Corp,,,-,-0.10,-9.78%,68.78M,-,-8.23%,8.84%,-14.57%,0.96,-,0.56,15.35%,-,-0.20%,12.75%,3.73,-,52.00-38.44%,141.04%,9.91,14.24%-8.51%,-0.19%,13.02145.85%,-6.89%,-,12.67,10.89% 2.10%,,,-29.34%,-,3.01,97.26%,14.37%,2.93,29.44%,0.80,16.55%,-0.29%,41.85,-,- -,0.80,179.28%,0.35%,0.05,-,-,21.09%,-13.64%,0.32,32.03,-,-6.68%,94.73K,32.01,"Mar 17, 1980",- -,,"29,890",
UTMD,Utah Medical Products Inc,,,21.79,3.28,0.77%,227.80M,-,11.48%,4.58%,10.09%,6.31,-,5.90,5.50%,1.87,8.55%,27.86%,2.60,8.75%,75.75-5.54%,24.46%,19.90,-8.33%3.45%,8.58%,53.6633.34%,-22.06%,-,10.87,-9.68%-1.80%,,,-15.32%,1.23 (1.73%),3.89,-12.28%,28.97%,2.31,15.14%,44.27,-7.00%,29.04%,53.27,1.00,1.68% 1.89%,48.62,-10.16%,0.50%,0.36,35.17%,0.00,-14.31%,2.50%,4.97,71.42,0.00,11.63%,22.97K,71.55,"Mar 08, 1999",- -,,"114,135",
AMN,AMN Healthcare Services Inc,,,12.86,2.68,-0.12%,1.33B,36.78,4.20%,8.86%,34.35%,0.39,141.75%,3.75,78.36%,1.80,4.59%,118.65%,3.47,15.56%,37.22-7.42%,75.37%,3.04,- -,6.94%,14.97130.19%,-61.41%,-,5.62,-19.55%2.67%,,,-68.08%,-,0.50,134.74%,4.68%,1.77,-2.93%,1.13,23.99%,3.05%,52.55,2.44,- -,1.13,117.61%,1.08%,0.39,-,1.05,2.29%,3.68%,0.80,34.79,1.04,47.47%,907.50K,34.46,"Nov 13, 2001",307.84%7.13%,,"729,657",
EBS,Emergent Biosolutions Inc,,,-,-3.55,10.68%,260.47M,4.85,-32.27%,20.80%,-39.31%,0.34,-76.50%,9.67,-53.52%,0.76,-13.95%,-58.90%,1.85,-40.29%,14.06-63.87%,-45.49%,3.03,--30.38%,-19.05%,4.3616.51%,6.72%,-,3.04,-12.72%-13.74%,,,-91.97%,-,0.92,-231.68%,17.77%,0.37,-81.86%,2.95,-9.56%,-22.96%,34.82,2.33,- -,5.42,-1477.33%,-12.14%,2.33,0.00%,1.72,66.29%,-28.65%,1.37,4.82,1.72,-45.12%,1.04M,5.08,"Nov 15, 2006",805.88%32.00%,,"1,418,612",
ZUMZ,Zumiez Inc,,,21.88,0.84,-1.98%,308.26M,12.20,-2.77%,10.15%,-22.19%,0.33,-2.54%,5.44,-31.75%,1.02,2.37%,-29.87%,2.48,4.78%,31.70-42.37%,17.12%,8.35,-10.52%-23.71%,3.18%,15.0921.07%,-1.40%,-,8.78,-1.03%-1.28%,,,-55.83%,-,0.41,3252.79%,2.51%,0.71,11.20%,0.97,4.68%,1.54%,44.42,3.00,- -,1.95,-3.49%,-4.81%,1.01,0.00%,0.67,4.88%,-1.82%,0.78,17.47,0.48,-20.57%,242.35K,18.27,"May 06, 2005",-1.65%1.22%,,"188,537",
SAM,Boston Beer Co Inc,,,-,-6.78,0.10%,1.91B,18.05,6.56%,18.74%,-0.04%,0.99,-8.85%,4.80,-20.87%,2.68,-5.55%,-4.70%,7.21,-8.61%,264.46-29.69%,-14.78%,9.29,22.11%-8.62%,-9.51%,158.6817.19%,-49.43%,-,8.75,-2.04%2.47%,,,-68.38%,-,0.87,-195.51%,5.41%,7.21,-1.52%,0.81,-6.06%,-3.64%,53.05,3.07,- -,1.05,-8.89%,0.79%,0.84,0.00%,0.04,-3.34%,2.83%,0.77,190.82,0.03,-9.09%,290.51K,185.95,"Nov 21, 1995",-24.36%0.29%,,"222,637",
ESEA,Euroseas Ltd,,,3.86,19.44,1.67%,493.32M,4.56,-0.85%,0.79%,0.13%,2.18,-9.18%,0.34,23.24%,1.02,19.21%,37.42%,2.51,29.49%,79.67-5.82%,18.40%,5.52,10.09%102.30%,19.21%,51.0047.12%,259.12%,3.15 (4.20%),3.15,7.64%33.72%,,,337.45%,2.95 (3.93%),2.24,14.22%,59.35%,3.03,1511.29%,5.38,2.53%,59.98%,52.30,1.00,21.64%-,5.46,10.34%,-0.86%,0.44,13.69%,0.40,-1.28%,4.01%,0.71,75.02,0.36,15.76%,60.41K,75.03,"May 05, 2006",15.89%0.93%,,"43,038",
LBTYA,Liberty Global Ltd,,,-,-9.09,1.72%,3.63B,-,3.50%,6.03%,-12.99%,0.74,92.86%,4.72,-15.07%,0.39,-12.46%,-4.40%,1.50,-27.32%,13.52-21.23%,-6.99%,-,--50.47%,-17.17%,9.4313.00%,16.28%,-,10.08,-12.15%-15.83%,,,-24.57%,-,2.17,17.75%,-0.63%,0.32,-34.95%,1.28,-,-62.14%,51.52,2.42,- -,1.28,86.73%,1.48%,0.99,-,0.99,-7.65%,-1.46%,0.88,10.64,0.92,-6.73%,2.17M,10.65,"Jun 02, 2004",-126.87%-12.74%,,"1,900,834",
DLTR,Dollar Tree Inc,,,20.55,6.40,1.62%,25.27B,16.92,11.76%,5.18%,37.37%,1.28,22.70%,3.07,-2.25%,7.25,7.84%,6.89%,25.08,33.98%,142.40-7.67%,16.78%,16.21,-4.81%1.91%,12.74%,84.7155.21%,-7.26%,-,13.61,-11.84%-5.32%,,,28.06%,-,1.61,146.27%,8.44%,3.76,37.57%,0.39,-19.68%,6.51%,59.02,2.61,- -,1.16,9.59%,1.80%,0.66,0.00%,2.17,7.24%,6.21%,0.58,128.45,1.88,13.56%,3.24M,131.48,"Mar 07, 1995",13.41%0.31%,,"1,880,745",
WSBC,Wesbanco Inc,,,11.86,3.45,-4.29%,3.92B,10.56,1.95%,6.98%,18.02%,2.58,5.31%,5.04,10.88%,1.01,1.29%,22.92%,-,8.98%,43.02-5.02%,31.00%,9.90,-9.70%4.64%,6.17%,29.5738.18%,58.56%,1.53 (3.74%),-,32.05%16.27%,,,20.21%,1.51 (3.70%),-,107.51%,30.67%,0.77,29.34%,-,31.11%,21.83%,46.55,2.00,2.84% 3.08%,0.06,59.65%,-2.34%,0.69,66.96%,0.43,1.24%,2.22%,0.62,40.88,0.40,14.56%,1.30M,40.86,"May 08, 1987",7.82%3.02%,,"805,883",
RGS,Regis Corp,,,0.61,44.17,-3.39%,66.94M,16.85,-2.72%,1.81%,-4.39%,0.29,-,6.55,18.75%,0.35,22.65%,-3.46%,1.63,93.71%,31.50-14.95%,40.70%,4.88,- -,27.07%,19.0041.00%,9.80%,-,10.83,-8.68%-20.69%,,,-80.47%,-,1.48,29.24%,11.16%,1.09,-89.88%,0.57,14.95%,52.84%,43.79,1.00,- -,0.59,208.04%,-2.45%,1.43,0.00%,1.65,-7.99%,-3.29%,0.19,26.53,1.36,2.07%,6.08K,26.79,"Jun 21, 1991",- -,,"1,148",
DRH,Diamondrock Hospitality Co,,,17.77,0.72,3.72%,2.63B,19.70,1.18%,6.11%,18.92%,2.32,67.44%,5.07,29.10%,1.72,5.02%,43.08%,18.04,9.92%,13.79-7.03%,60.15%,16.10,-1.96%-,5.65%,7.4472.25%,67.26%,0.40 (3.15%),12.32,3.81%30.20%,,,57.86%,0.34 (2.65%),3.24,159.56%,16.26%,0.31,26.56%,1.32,1.03%,13.09%,57.17,2.07,74.72%-,1.32,137.81%,0.73%,0.99,72.74%,0.79,4.11%,3.25%,0.75,12.77,0.79,23.51%,2.43M,12.82,"May 26, 2005",103.61%1.05%,,"1,831,776",
FUSB,First US Bancshares Inc,,,12.36,1.31,-1.34%,89.40M,-,-1.04%,0.23%,1.60%,1.40,-,1.01,6.49%,0.86,0.68%,16.25%,-,7.53%,16.99-4.41%,38.21%,10.24,-1.84%19.84%,6.66%,10.8150.23%,83.09%,-,-,11.97% 6.87%,,,42.33%,0.28 (1.72%),-,33.60%,15.83%,0.28,79.65%,-,3.83%,12.12%,43.81,3.00,25.99%18.47%,0.18,1089.06%,-1.76%,0.24,28.05%,0.36,1.61%,-1.61%,0.85,16.45,0.12,6.67%,9.88K,16.24,"Jul 09, 1997",- -,,"8,424",
TATT,TAT Technologies Ltd,,,23.01,1.60,-11.51%,479.50M,20.18,-12.52%,11.93%,-0.83%,2.57,20.32%,6.04,-30.20%,2.54,9.14%,-17.40%,8.78,11.86%,64.50-42.81%,0.93%,65.42,- -,10.31%,31.5217.04%,399.86%,-,18.63,28.17%18.76%,,,522.09%,-,2.36,30.26%,9.85%,2.40,391.21%,2.61,12.06%,11.26%,39.49,1.00,- -,4.83,108.34%,-7.67%,1.01,0.00%,0.09,22.81%,-12.88%,0.66,36.20,0.08,-16.01%,215.29K,36.89,"Mar 31, 1987",103.33%18.00%,,"141,799",
VLY,Valley National Bancorp,,,11.95,1.18,-5.66%,7.82B,9.16,-2.01%,9.29%,5.59%,2.20,29.26%,6.66,5.99%,1.04,1.08%,21.23%,-,8.95%,15.20-6.84%,46.28%,13.38,-3.96%1.58%,6.34%,9.6446.89%,58.21%,0.44 (3.11%),-,16.92% 17.53%,,,8.09%,0.44 (3.11%),-,51.80%,24.20%,0.30,51.44%,-,1.17%,18.66%,39.54,1.40,0.00% 0.00%,0.06,30.82%,-2.95%,1.06,43.60%,0.44,4.09%,-2.87%,1.21,14.12,0.38,9.00%,6.60M,14.16,"Nov 02, 1982",-2.85%0.64%,,"8,014,881",
ILMN,Illumina Inc,,,40.89,5.37,14.94%,33.13B,36.13,11.45%,5.35%,51.49%,7.37,10.50%,4.10,86.45%,11.67,12.95%,67.28%,28.36,32.38%,220.32-0.42%,120.97%,35.58,- 4.22%,17.25%,88.00149.32%,34.85%,-,29.58,-1.82%6.02%,,,-53.62%,-,7.67,-31.78%,19.87%,8.91,31.51%,1.40,4.97%,18.35%,69.58,2.39,- -,1.80,-9.61%,11.08%,1.47,0.00%,0.89,9.84%,16.99%,0.98,213.24,0.69,49.28%,1.96M,219.40,"Jul 28, 2000",6.83%2.51%,,"1,917,222",
BIIB,Biogen Inc,,,38.39,5.65,3.31%,32.03B,13.11,8.06%,3.72%,14.41%,3.32,-18.47%,4.63,12.89%,1.70,2.76%,23.18%,24.93,4.58%,222.15-2.42%,55.82%,11.88,-25.04%-18.74%,3.16%,131.5264.83%,-18.22%,-,14.34,0.35%-5.06%,,,-36.57%,-,4.05,-45.79%,19.50%,6.46,-25.71%,1.26,0.53%,8.64%,58.79,1.86,- -,1.87,-84.85%,3.93%,0.17,0.00%,0.44,2.38%,5.61%,0.61,214.35,0.40,15.31%,1.18M,216.78,"Sep 17, 1991",22.49%11.20%,,"722,347",
CLSK,Cleanspark Inc,,,-,-3.77,-0.91%,3.08B,-,-23.25%,30.00%,-23.98%,4.53,-420.43%,3.29,24.15%,4.04,-34.38%,18.38%,14.91,-68.62%,23.61-49.26%,28.40%,-,- -,-39.26%,8.0049.75%,141.53%,-,51.98,79.94%138.03%,,,11.03%,-,6.85,-468.86%,-51.83%,1.21,-57.21%,5.91,7.49%,-151.38%,44.47,1.07,- -,5.91,-215.54%,-5.84%,3.87,0.00%,2.34,-30.53%,-14.43%,1.25,12.60,2.34,-5.08%,22.51M,11.98,"Jul 18, 2012",-88.36%-3.06%,,"28,225,817",
MATW,Matthews International Corp,,,-,-0.95,-8.52%,663.90M,27.15,-21.34%,9.32%,-19.58%,0.60,-59.26%,6.07,-19.37%,1.37,-1.83%,-18.57%,17.66,-5.87%,30.93-31.23%,-10.37%,-,37.22%22.39%,-2.69%,21.50-1.07%,-49.26%,-,36.08,-5.28%-0.01%,,,-38.04%,1.02 (4.80%),1.13,55.14%,-1.47%,1.04,-65.21%,1.02,-31.82%,-2.65%,23.87,1.67,4.35% 3.55%,1.76,-253.90%,-15.32%,1.05,-,1.29,-29.58%,-18.47%,2.44,21.66,1.25,-18.76%,437.57K,21.27,"Jul 20, 1994",-85.37%-7.00%,,"1,067,967",
ASTE,Astec Industries Inc,,,51.81,0.84,0.62%,1.00B,11.17,-22.54%,2.38%,-10.41%,0.64,-0.08%,2.41,-25.83%,1.45,1.58%,0.53%,12.76,2.87%,65.69-33.70%,0.00%,30.67,--3.91%,1.86%,40.477.61%,-15.86%,0.52 (1.19%),9.67,3.43% 6.60%,,,-25.40%,0.52 (1.19%),0.85,-57.51%,5.38%,2.15,-26.39%,1.09,18.70%,1.26%,36.05,1.00,2.00% 3.40%,2.51,-37.71%,-6.24%,1.35,30.96%,0.57,23.55%,-16.89%,0.83,41.87,0.53,-15.97%,223.86K,43.55,"Jun 18, 1986",-9.83%0.64%,,"185,976",
VCYT,Veracyte Inc,,,30.02,1.41,2.57%,3.40B,21.69,-26.90%,8.70%,-6.37%,6.05,7.30%,5.13,18.75%,2.45,8.09%,0.50%,7.01,8.77%,60.91-30.54%,43.76%,20.49,- -,8.05%,28.2549.77%,63.68%,-,25.14,20.37%34.50%,,,8.40%,-,5.26,323.64%,17.22%,2.53,718.38%,8.80,17.28%,20.37%,35.98,1.50,- -,9.16,2584.80%,-9.41%,1.93,0.00%,0.03,15.49%,-19.26%,0.75,41.79,0.02,-0.49%,1.34M,42.31,"Oct 30, 2013",31.61%3.96%,,"1,005,480",
STAA,Staar Surgical Co,,,347.97,0.07,-11.61%,1.16B,42.82,-4.34%,16.49%,-29.43%,3.42,128.43%,5.61,30.29%,3.17,0.84%,0.22%,6.39,1.09%,35.87-35.49%,-16.67%,-,- -,0.97%,15.5948.48%,-45.18%,-,14.34,-5.57%7.93%,,,-82.16%,-,2.99,103.91%,18.00%,1.40,154.85%,4.03,51.30%,1.13%,40.15,2.82,- -,4.66,146.10%,-4.24%,1.23,-,0.10,111.04%,-11.95%,0.79,23.07,0.08,-4.39%,886.53K,23.14,"Jul 07, 1983",-27.73%3.24%,,"698,502",
PODD,Insulet Corp,,,29.37,5.04,3.36%,10.28B,19.20,-6.45%,5.55%,-5.56%,3.37,30.84%,2.41,-38.75%,7.22,11.31%,-47.88%,19.21,26.02%,354.88-58.25%,-54.81%,34.97,275.33%102.14%,15.96%,126.4017.22%,-24.61%,-,16.71,27.54%24.53%,,,-49.82%,-,3.50,59.39%,16.88%,7.19,240.68%,1.80,29.41%,12.29%,46.83,2.00,- -,2.45,234.76%,-2.56%,1.08,0.00%,0.67,23.51%,-4.07%,0.57,146.87,0.65,-32.40%,1.59M,148.16,"May 15, 2007",13.11%1.82%,,"903,610",
MTCH,Match Group Inc,,,14.43,2.83,7.69%,27.50B,12.57,9.28%,4.81%,14.61%,7.84,16.96%,3.38,28.40%,-,17.91%,26.57%,47.10,-,41.40-1.28%,11.09%,24.09,24.22% 2.63%,21.35%,28.8141.86%,-7.93%,0.63 (1.54%),27.58,3.03% 7.84%,,,-69.19%,0.78 (1.91%),8.68,40.52%,28.15%,1.26,170.24%,1.72,1.70%,20.17%,62.51,2.41,- -,1.72,43.47%,5.86%,1.32,31.99%,-,-1.23%,7.74%,0.67,40.35,-,19.47%,3.24M,40.87,"Nov 19, 2015",7.16%-0.54%,,"2,188,733",
ALCO,Alico Inc,,,192.32,0.21,0.57%,299.04M,-,3.04%,2.88%,-1.32%,17.52,98.80%,7.46,-2.28%,2.85,0.75%,10.80%,5.38,1.41%,45.01-10.44%,18.28%,-,- -,0.81%,31.3228.70%,69.16%,-,-,-21.74%-13.78%,,,11.48%,0.20 (0.50%),19.27,101.04%,-140.77%,0.96,42.04%,7.93,-61.38%,8.98%,54.37,1.00,-53.58%-11.09%,7.96,111.94%,2.97%,0.94,-,0.81,7.75%,0.51%,0.83,39.50,0.81,2.40%,20.92K,40.31,"Mar 17, 1980",139.46%228.73%,,"17,307",
TWIN,Twin Disc Incorporated,,,9.81,2.39,-4.56%,337.78M,22.96,1.34%,3.89%,47.20%,0.89,-60.22%,3.83,37.44%,1.54,9.13%,40.41%,21.07,18.00%,25.50-8.16%,108.92%,36.76,35.17%-,13.30%,8.50175.53%,69.59%,-,11.67,11.24% 11.77%,,,86.61%,0.17 (0.73%),0.96,1866.21%,4.64%,1.35,90.41%,0.84,11.90%,9.06%,49.19,1.00,- -,2.35,526.30%,-1.50%,0.67,8.62%,0.21,18.33%,2.46%,1.46,24.47,0.18,28.06%,128.32K,23.42,"Mar 08, 1977",178.26%14.01%,,"186,793",
SHBI,Shore Bancshares Inc,,,11.80,1.98,-2.63%,778.91M,10.28,1.92%,2.68%,16.99%,2.25,21.54%,3.64,18.42%,1.27,1.09%,32.01%,-,11.21%,24.89-6.23%,47.16%,8.79,4.28% 6.99%,9.26%,14.9356.38%,111.22%,0.54 (2.31%),-,35.79%37.25%,,,34.99%,0.50 (2.14%),-,22.84%,24.67%,0.58,99.49%,-,2.79%,19.15%,46.53,2.00,0.00% 0.00%,0.08,21.34%,-2.64%,0.80,26.95%,0.16,0.40%,0.44%,1.07,23.14,0.16,17.94%,222.92K,23.34,"Apr 09, 2001",11.87%2.19%,,"238,230",
SIFY,Sify Technologies Limited ADR,,,-,-0.24,-5.84%,1.06B,293.67,3.46%,0.85%,-6.86%,2.07,140.09%,10.17,-6.39%,6.49,-1.59%,20.26%,19.86,-8.53%,17.85-17.87%,78.13%,-,- -,-1.86%,7.9883.71%,19.77%,-,13.19,6.90% 9.17%,,,-23.88%,-,3.05,-,6.96%,0.61,108.83%,0.65,5.88%,-1.97%,44.46,1.00,- -,0.73,-,-3.06%,1.32,-,3.40,4.11%,-3.60%,0.32,14.26,2.32,3.19%,60.44K,14.66,"Oct 19, 1999",-2.16%,,"19,091",
ECOR,ElectroCore Inc,,,-,-1.70,5.52%,94.85M,-,65.28%,5.69%,75.63%,2.57,15.15%,2.89,68.32%,-,-93.41%,134.56%,9.45,-478.70%,10.93-3.75%,107.09%,-,29.44%28.87%,-274.03%,4.41138.55%,124.31%,-,-,55.06%55.74%,,,-26.18%,-,2.55,0.24%,-37.64%,0.86,-,1.00,33.45%,-39.96%,73.45,1.00,- -,1.21,26.30%,28.55%,0.99,-,-,28.03%,35.02%,0.49,10.21,-,57.85%,121.33K,10.52,"Jun 22, 2018",21.76%-0.46%,,"59,939",
PGR,Progressive Corp,,,10.99,19.95,4.62%,127.48B,13.53,5.90%,1.39%,10.21%,1.40,-1.17%,2.46,7.45%,3.71,10.09%,-3.71%,-,34.94%,252.82-13.27%,-11.92%,7.99,153.30%14.75%,28.03%,189.2015.90%,69.77%,9.39 (4.28%),-,20.90% 15.50%,,,133.38%,13.90 (6.34%),-,12.26%,16.56%,5.40,646.94%,-,10.49%,12.85%,56.95,2.59,226.33%23.19%,0.74,4.93%,2.83%,0.27,72.29%,0.24,7.29%,1.99%,0.58,220.34,0.22,4.19%,3.28M,219.28,"Mar 17, 1980",0.02%8.16%,,"1,893,038",
PLSE,Pulse Biosciences Inc,,,-,-1.17,13.20%,3.60B,-,62.65%,15.61%,97.26%,3021.92,-60.48%,8.04,135.39%,35.88,-67.90%,267.23%,35.39,-78.49%,48.843.24%,215.12%,-,14.44% 12.82%,-76.55%,12.56301.43%,548.07%,-,-,-20.63%-,,,130.02%,-,2942.22,-11.31%,-7007.76%,2.81,998.47%,9.61,-,-6755.78%,80.20,1.00,- -,9.63,-25.06%,22.39%,1.60,-,0.07,-,52.72%,1.22,47.85,0.05,125.98%,370.89K,50.42,"May 18, 2016",8.23%-13.20%,,"453,129",
VC,Visteon Corp,,,19.31,5.49,-2.11%,2.83B,10.11,5.82%,11.79%,-4.34%,0.75,10.16%,5.65,14.02%,1.76,4.54%,11.40%,4.35,9.96%,129.10-17.94%,-12.27%,17.68,18.73% -,7.53%,83.4926.89%,-23.56%,0.99 (0.93%),6.86,0.11% 8.14%,,,-0.89%,1.30 (1.23%),0.71,-47.30%,7.33%,3.24,50.10%,1.45,-1.13%,4.00%,49.99,1.77,- -,1.78,-23.51%,0.20%,1.31,7.55%,0.27,-0.93%,-0.78%,0.48,105.34,0.25,3.40%,546.86K,105.94,"Sep 27, 2010",-13.54%0.44%,,"264,083",
ISSC,Innovative Solutions And Support Inc,,,20.45,1.05,-,384.12M,19.60,-,4.13%,-,4.12,21.02%,2.39,-,4.98,15.93%,-14.43%,35.93,28.50%,25.08-14.43%,-,26.88,39.90%35.61%,15.17%,20.584.28%,-,-,14.43,44.84%31.31%,,,-,-,4.59,61.44%,27.37%,1.66,-,1.47,20.30%,20.50%,-,1.00,- -,2.95,79.34%,-1.49%,-,0.00%,0.70,10.72%,-1.49%,0.64,20.93,0.63,-1.49%,294.15K,21.46,"Aug 04, 2000",52.28%11.47%,,"189,573",
ADBE,Adobe Inc,,,15.75,17.48,4.27%,109.43B,10.01,29.75%,4.88%,12.78%,4.34,16.54%,3.04,6.45%,9.54,24.91%,-21.34%,19.45,62.95%,370.86-25.77%,-22.11%,10.65,18.25% 9.04%,43.42%,190.1244.80%,-47.11%,-,11.07,10.89% 13.06%,,,-57.47%,-,4.40,11.45%,36.74%,11.06,174.42%,0.75,11.49%,28.69%,62.51,2.65,- -,0.75,8.04%,5.69%,1.40,0.00%,0.61,12.69%,18.28%,0.68,272.22,0.45,1.80%,6.36M,275.30,"Aug 13, 1986",2.48%2.54%,,"4,346,427",
WBD,Warner Bros. Discovery Inc,,,-,-1.27,2.00%,71.68B,2058.40,10.02%,3.01%,5.35%,1.98,-496.42%,3.18,-0.70%,2.18,-3.18%,-0.94%,20.88,-9.19%,30.00-4.83%,146.44%,32.88,--30.70%,-5.00%,11.25153.78%,125.69%,-,13.37,3.34%28.53%,,,1.71%,-,2.81,-512.89%,7.00%,0.49,6.81%,0.78,-5.87%,-8.75%,69.30,2.80,- -,0.78,-90.84%,6.06%,1.57,0.00%,0.98,-11.07%,6.79%,0.67,28.23,0.93,5.75%,22.72M,28.55,"Jul 06, 2005",142.74%-5.78%,,"15,115,618",
POET,POET Technologies Inc,,,-,-0.58,-13.88%,1.43B,-,8.55%,28.49%,-44.33%,834.93,-90.36%,1.26,44.99%,1.68,-15.59%,30.33%,1.79,-16.89%,20.81-60.36%,62.72%,-,-5.68%-1.65%,-8.92%,3.87113.18%,124.18%,-,-,24.82% -,,,1.43%,-,373.80,19.55%,-3624.61%,0.73,31.58%,24.46,266.06%,-4420.65%,47.25,1.00,- -,24.46,67.23%,1.04%,0.85,-,0.01,112.29%,-8.39%,0.29,8.27,0.00,3.03%,20.56M,8.25,"Oct 23, 2007",93.43%13.98%,,"5,886,992",
GDYN,Grid Dynamics Holdings Inc,,,233.92,0.03,3.23%,649.02M,15.19,42.60%,8.15%,13.48%,1.54,10.00%,2.26,17.47%,1.25,0.47%,-11.41%,2.17,0.54%,10.21-21.65%,-0.12%,40.56,- -,0.54%,5.1156.71%,-24.95%,-,12.01,9.87%29.91%,,,-67.51%,-,0.87,-83.36%,1.12%,0.39,-,7.22,8.57%,0.68%,69.52,1.33,- -,7.22,-43.61%,8.38%,0.89,0.00%,0.03,6.99%,24.11%,0.54,7.91,0.02,11.11%,2.24M,8.00,"Oct 30, 2018",4.76%1.51%,,"1,202,158",
FTK,Flotek Industries Inc,,,24.84,0.99,-31.15%,893.56M,23.02,-4.90%,13.99%,20.17%,3.05,-15.80%,5.94,48.88%,6.91,17.26%,43.18%,198.13,37.80%,39.67-37.81%,111.58%,-,- -,21.86%,10.95125.30%,472.34%,-,19.33,20.36%34.88%,,,195.80%,-,3.23,125.54%,13.05%,2.87,-72.73%,1.50,36.77%,12.97%,40.91,1.00,- -,1.78,430.12%,-16.94%,1.48,0.00%,0.44,70.29%,-6.68%,1.61,25.00,0.35,26.66%,472.16K,24.67,"Sep 10, 1996",102.65%42.95%,,"758,084",
MHK,Mohawk Industries Inc,,,18.06,7.54,-2.77%,8.23B,13.61,23.83%,8.45%,33.12%,0.74,9.16%,5.13,7.26%,0.96,3.36%,24.63%,9.69,5.51%,143.13-4.83%,9.70%,10.15,146.85%-3.87%,4.63%,92.9946.49%,40.17%,-,6.90,-2.78%2.46%,,,-32.15%,-,0.87,0.16%,6.50%,4.22,-35.19%,1.13,4.62%,4.15%,61.84,2.56,- -,1.92,37.59%,3.82%,1.19,0.00%,0.28,6.76%,13.45%,1.11,133.47,0.17,20.83%,825.09K,136.22,"Apr 01, 1992",41.98%7.36%,,"912,599",
SNDX,Syndax Pharmaceuticals Inc,,,-,-2.52,-0.96%,1.75B,-,-7.36%,27.99%,-0.61%,6.96,39.86%,12.68,-0.20%,116.02,-33.97%,-6.47%,3.20,-255.93%,25.59-23.21%,24.05%,-,-10.26%-12.05%,-36.55%,12.9951.27%,6.27%,-,-,-157.68%,,,24.76%,-,7.12,35.43%,-76.98%,1.01,41.88%,6.44,222.65%,-87.52%,45.05,1.08,- -,6.77,33.35%,-0.64%,0.37,-,39.03,91.76%,-5.21%,0.95,19.75,39.00,-5.41%,1.79M,19.65,"Mar 03, 2016",-22.85%-8.29%,,"1,695,907",
ATNI,ATN International Inc,,,3.01,10.29,-2.40%,476.73M,28.66,32.72%,2.51%,13.58%,0.65,990.58%,3.09,10.46%,0.80,9.23%,35.75%,1.43,31.31%,33.41-7.36%,96.38%,11.52,-27.49%-9.27%,13.56%,13.86123.30%,-14.69%,1.15 (3.72%),5.23,0.10% 9.83%,,,-31.69%,1.11 (3.60%),1.41,407.40%,8.40%,1.32,-51.63%,1.59,2.02%,21.68%,63.85,1.00,13.76%9.28%,1.63,2011.65%,8.57%,0.59,-,1.13,1.77%,16.69%,0.98,31.14,1.04,22.69%,81.03K,30.95,"Nov 14, 1991",9954.83%0.71%,,"79,145",
WDAY,Workday Inc,,,62.40,3.21,0.67%,49.40B,15.83,56.42%,12.74%,64.14%,5.01,16.71%,4.84,45.13%,7.45,5.09%,-6.88%,11.33,10.86%,249.85-19.95%,-12.11%,16.62,- -,9.05%,110.3681.23%,-11.98%,-,31.09,15.43% 17.27%,,,-15.23%,-,4.96,76.27%,12.34%,10.85,143.68%,0.96,13.70%,8.60%,66.88,2.23,- -,0.96,246.94%,11.93%,1.07,0.00%,0.57,14.29%,32.92%,0.66,197.32,0.40,23.73%,5.24M,200.01,"Oct 12, 2012",5.78%1.00%,,"3,431,335",
PATH,UiPath Inc,,,27.04,0.61,2.37%,8.49B,18.18,60.69%,31.03%,55.06%,5.08,8.71%,1.82,51.76%,4.48,11.80%,0.00%,6.49,18.18%,19.84-17.39%,50.51%,22.63,- -,16.58%,9.2078.15%,8.54%,-,57.94,15.01% 21.53%,,,-73.03%,-,4.35,620.76%,6.28%,0.83,-,2.20,15.24%,19.58%,69.55,2.73,- -,2.20,203.89%,12.85%,0.98,0.00%,0.04,17.32%,31.41%,0.78,15.92,0.04,28.78%,66.69M,16.39,"Apr 21, 2021",-5.90%5.24%,,"52,233,148",
JOUT,Johnson Outdoors Inc,,,-,-0.69,-1.56%,491.85M,30.02,3.63%,5.65%,10.48%,0.74,143.28%,8.18,-6.08%,1.14,-1.25%,11.73%,2.81,-1.81%,53.54-11.41%,18.46%,16.46,- -,-1.69%,35.6533.04%,-18.51%,-,9.71,-7.29%-0.06%,,,-57.86%,1.32 (2.78%),0.56,82.16%,2.66%,1.60,65.61%,1.95,17.49%,-1.21%,51.37,2.00,2.94%12.89%,3.37,92.24%,-0.59%,0.81,-,0.12,5.02%,2.28%,1.62,47.12,0.10,3.68%,56.86K,47.43,"Oct 09, 1987",108.82%1.90%,,"92,345",
WULF,TeraWulf Inc,,,-,-4.40,-10.01%,7.80B,-,-22.00%,31.84%,-31.76%,47.24,-74.22%,3.41,4.20%,52.98,-43.71%,36.12%,2.83,-1212.12%,29.84-47.59%,70.18%,-,-26.20%-49.56%,-46.53%,8.6081.86%,685.93%,-,-,123.78%65.83%,,,-21.97%,-,62.22,-1179.58%,-227.32%,1.64,52.25%,0.75,14.65%,-1179.94%,39.89,1.05,- -,0.75,-3973.68%,-8.20%,3.76,-,35.56,-6.02%,-24.75%,1.45,16.45,27.44,-11.86%,32.64M,15.64,"Apr 05, 1994",-696.39%-2.67%,,"47,300,554",
COLB,Columbia Banking System Inc,,,12.29,2.51,-5.75%,8.72B,9.39,-4.49%,3.07%,4.02%,2.45,-2.89%,2.92,-2.99%,1.15,1.21%,10.23%,-,11.01%,33.67-8.51%,21.68%,6.89,-4.01%1.17%,8.89%,23.8329.32%,58.57%,1.48 (4.80%),-,33.09%38.87%,,,-15.64%,1.47 (4.77%),-,-0.60%,30.62%,0.64,-1.97%,-,20.84%,19.94%,41.09,2.29,6.51% 1.59%,0.04,0.03%,-2.18%,0.60,63.16%,0.65,21.96%,-2.84%,0.67,30.84,0.06,4.49%,2.96M,30.81,"Jun 16, 1992",4.60%-1.08%,,"1,991,410",
SYNA,Synaptics Inc,,,-,-12.65,-10.10%,3.82B,14.85,-16.96%,7.56%,-26.20%,3.19,14.41%,3.02,15.88%,4.10,-20.95%,31.94%,8.63,-42.23%,149.11-34.50%,47.26%,37.66,- -,-36.15%,58.2867.57%,10.70%,-,37.08,-4.05%-2.22%,,,-42.41%,-,3.55,-940.34%,-2.93%,5.60,78.50%,0.90,11.44%,-41.00%,36.70,2.69,- -,1.12,-9367.08%,-7.76%,1.95,-,0.94,8.91%,-17.02%,1.03,98.00,0.46,3.08%,954.23K,97.66,"Jan 29, 2002",2.07%0.88%,,"981,887",
CSIQ,Canadian Solar Inc,,,-,-1.51,-3.90%,987.90M,7.07,-0.95%,32.74%,-19.61%,0.18,79.07%,6.48,-27.43%,0.34,-0.69%,-38.79%,0.53,-3.65%,34.59-57.94%,40.11%,-,- -,-1.43%,9.4154.62%,-52.70%,-,12.85,-9.18%9.98%,,,-55.04%,-,1.53,-886.40%,2.04%,0.99,4.68%,0.65,-6.56%,-1.87%,44.91,2.78,- -,0.94,6.72%,-3.62%,1.54,-,2.76,-9.92%,-4.50%,0.76,14.73,1.52,-21.96%,2.41M,14.55,"Nov 09, 2006",7.07%6.12%,,"1,840,156",
LQDT,Liquidity Services Inc,,,42.30,1.02,-0.46%,1.36B,23.52,15.48%,4.36%,26.52%,2.77,28.91%,4.86,35.88%,5.75,8.39%,42.76%,5.87,14.96%,44.09-1.86%,65.15%,15.07,-10.17%-,13.57%,21.6799.68%,133.89%,-,20.83,19.40% 18.28%,,,88.62%,-,2.33,24.25%,9.00%,1.40,342.89%,1.48,5.18%,6.79%,61.81,1.00,- -,1.57,39.21%,5.43%,1.08,0.00%,0.06,8.09%,9.56%,0.78,42.75,0.04,29.13%,208.55K,43.27,"Feb 23, 2006",30.43%124.07%,,"162,548",
CGNX,Cognex Corp,,,58.62,1.03,-7.76%,10.18B,30.16,-4.57%,5.20%,-5.80%,9.35,64.75%,3.78,8.05%,6.25,8.36%,68.26%,25.19,11.15%,72.88-16.93%,41.65%,37.96,-18.16%-7.50%,10.34%,34.6074.97%,30.28%,0.34 (0.57%),36.88,-0.39%4.16%,,,-28.76%,0.34 (0.56%),9.05,45.49%,21.90%,3.09,148.68%,3.18,17.15%,16.05%,43.54,1.87,6.92% 7.49%,3.84,78.11%,-5.21%,1.49,48.10%,0.04,16.93%,-6.52%,0.74,59.73,0.04,15.49%,2.30M,60.54,"Jul 20, 1989",6.18%-0.29%,,"1,697,475",
ASYS,Amtech Systems Inc,,,55.63,0.26,-8.79%,256.14M,11.70,-15.19%,9.36%,-30.17%,3.14,115.57%,2.54,23.15%,2.22,3.25%,16.57%,3.08,4.78%,25.71-43.09%,168.93%,29.31,--44.25%,3.05%,5.40170.93%,70.12%,-,20.80,-9.28%3.93%,,,50.82%,-,2.34,112.10%,8.25%,1.29,156.67%,4.54,-2.35%,4.90%,41.02,1.00,- -,5.41,1297.30%,-5.55%,2.02,-,0.15,14.45%,-18.19%,0.76,14.62,0.14,-1.98%,474.38K,14.63,"Aug 09, 1983",0.00%4.11%,,"361,496",
PLTR,Palantir Technologies Inc,,,153.78,1.17,3.39%,432.41B,78.86,45.85%,3.10%,30.95%,70.24,113.30%,1.59,33.05%,44.24,31.68%,1.23%,45.96,38.42%,207.52-13.29%,15.21%,128.76,- -,30.21%,106.3769.16%,1140.97%,-,158.99,32.92%32.58%,,,649.44%,-,68.77,285.33%,42.80%,7.70,-,6.91,78.92%,49.00%,69.41,1.91,- -,7.23,221.57%,14.41%,1.59,0.00%,0.02,92.83%,29.52%,0.96,173.96,0.02,18.77%,42.92M,179.94,"Sep 30, 2020",18.98%6.80%,,"41,076,203",
TSAT,Telesat Corp,,,-,-17.88,-12.54%,674.09M,-,12.47%,8.20%,-15.09%,2.58,-21.95%,4.33,47.05%,2.54,-5.53%,52.20%,2.50,-70.58%,61.54-28.03%,117.11%,-,-72.38%-,-26.68%,19.65125.39%,136.47%,-,36.32,-19.95%-13.33%,,,10.61%,-,13.94,-247.16%,0.76%,3.98,73.48%,0.17,-25.44%,-102.62%,45.41,2.60,- -,0.17,-959.46%,-7.39%,2.05,-,10.07,-25.06%,-1.33%,0.58,44.30,2.79,14.83%,281.32K,44.29,"Jul 27, 2005",-977.59%-0.62%,,"163,036",
BUSE,First Busey Corp,,,12.60,2.41,-2.98%,2.50B,11.12,2.50%,4.39%,12.89%,2.28,97.23%,4.11,14.64%,1.06,1.24%,27.36%,-,9.62%,31.70-4.42%,30.66%,11.95,-13.63%-4.25%,8.63%,22.0037.73%,48.24%,1.04 (3.43%),-,28.54%18.00%,,,28.50%,1.03 (3.40%),-,113.53%,27.32%,0.53,28.99%,-,35.64%,19.29%,47.34,2.00,2.82% 2.59%,0.14,31.97%,-1.86%,0.71,67.90%,0.19,-6.94%,1.36%,0.62,30.21,0.12,14.52%,839.35K,30.30,"Apr 04, 1994",9.02%-1.68%,,"520,407",
ACLS,Axcelis Technologies Inc,,,42.73,2.97,-9.33%,3.92B,24.12,-10.20%,5.29%,-16.68%,4.53,-15.86%,3.07,58.52%,3.68,6.85%,58.17%,9.76,8.89%,193.78-34.43%,61.85%,59.86,-11.40%20.99%,8.22%,73.6072.65%,-25.88%,-,33.55,-3.02%12.07%,,,198.85%,-,4.15,-38.92%,10.33%,8.92,980.53%,3.21,-3.35%,10.71%,42.72,3.00,- -,4.90,-23.98%,-4.15%,1.87,0.00%,0.07,10.60%,-14.00%,0.72,124.97,0.06,10.49%,526.09K,127.07,"Jul 11, 2000",18.57%4.95%,,"378,910",
NVAX,Novavax Inc,,,-,-1.52,11.06%,1.47B,-,14.25%,29.13%,-0.45%,3.56,-128.25%,10.87,-2.83%,-,-21.62%,33.04%,2.05,-,11.97-25.31%,17.17%,-,- -,-241.68%,6.2044.19%,10.78%,-,-,-17.24%18.76%,,,-96.13%,-,2.54,-158.19%,-28.82%,0.42,-93.63%,2.30,-61.64%,-59.87%,63.21,2.29,- -,2.33,-153.98%,13.48%,2.43,0.00%,-,-76.30%,5.65%,2.49,8.42,-,5.97%,4.20M,8.94,"Dec 05, 1995",15.75%7.97%,,"10,448,189",
DUOT,Duos Technologies Group Inc,,,10.51,0.98,13.28%,324.80M,26.46,23.15%,17.40%,-4.80%,12.87,273.44%,5.16,17.94%,1.56,30.05%,-8.27%,2.89,38.58%,15.28-32.46%,72.00%,-,16.63% 20.53%,19.29%,5.8576.41%,117.26%,-,-,21.65%27.44%,,,95.83%,-,8.46,214.22%,-32.16%,0.92,-85.86%,8.47,63.98%,158.98%,56.53,1.00,- -,8.47,553.30%,12.22%,1.36,-,0.00,7.66%,4.87%,0.93,10.41,0.00,9.03%,994.64K,10.32,"Aug 13, 2008",107.58%26.03%,,"920,492",
LIVN,LivaNova PLC,,,23.36,3.37,-4.23%,4.34B,16.84,0.17%,7.55%,6.93%,2.95,11.68%,5.84,15.08%,3.27,7.33%,27.97%,8.40,15.40%,85.76-8.19%,48.96%,29.25,-40.20%9.06%,11.32%,48.8261.29%,43.11%,-,14.67,10.75% 8.24%,,,-4.01%,-,2.84,188.56%,15.01%,2.64,27.89%,1.21,12.39%,12.81%,46.95,1.64,- -,1.45,288.60%,-1.74%,0.87,-,0.27,10.80%,-2.18%,0.62,78.21,0.26,15.09%,709.95K,78.74,"Feb 11, 1993",15.12%2.65%,,"440,215",
TACO,Berto Acquisition Corp,,,41.92,0.25,0.10%,392.45M,-,-0.19%,0.02%,0.38%,-,-,0.08,2.65%,1.31,3.03%,3.16%,2616.33,3.17%,10.65-1.78%,1.45%,-,- -,3.12%,10.113.46%,-,-,-,- -,,,-,-,-,-,-,0.03,-,0.13,-,-,50.26,-,- -,0.13,-40.32%,0.04%,0.08,0.00%,0.00,-,0.03%,0.45,10.47,0.00,1.63%,79.22K,10.46,"Jun 05, 2025",- -,,"35,954",
ATLO,Ames National Corp,,,12.26,2.59,0.51%,281.31M,11.26,6.61%,3.12%,10.32%,2.77,33.33%,4.23,14.04%,1.32,1.09%,38.33%,-,11.31%,32.30-1.67%,67.78%,13.40,0.05% 0.75%,10.00%,18.9367.78%,74.31%,0.96 (3.02%),-,11.32% 5.96%,,,34.98%,0.88 (2.77%),-,69.03%,28.97%,0.77,15.24%,-,7.03%,22.64%,60.27,3.00,-17.79%-9.71%,0.32,32.12%,1.66%,0.30,28.05%,0.22,7.68%,4.62%,1.26,31.73,0.08,17.51%,63.93K,31.76,"Mar 31, 2000",8.06%-,,"80,524",
AMRX,Amneal Pharmaceuticals Inc,,,37.37,0.48,-1.32%,5.72B,15.14,-0.33%,5.80%,44.20%,1.83,21.11%,4.12,23.52%,173.18,4.37%,42.14%,41.97,-,19.26-7.01%,87.93%,70.51,--18.36%,5.82%,9.2094.67%,370.08%,-,12.60,10.92% 8.66%,,,269.28%,-,2.71,4917.17%,15.30%,0.64,-23.30%,1.44,9.28%,5.05%,51.21,1.20,- -,2.20,152.81%,-1.42%,1.25,0.00%,84.55,9.89%,2.30%,0.68,17.90,80.87,27.35%,2.02M,17.91,"Dec 19, 1995",34.83%3.64%,,"1,365,526",
HCSG,Healthcare Services Group Inc,,,13.27,1.72,5.47%,1.56B,18.50,1.54%,3.82%,12.67%,0.84,9.02%,3.43,10.32%,2.98,15.15%,19.09%,7.78,24.69%,25.75-11.57%,49.65%,10.52,20.64%-9.33%,23.19%,15.1350.50%,86.79%,-,10.15,2.82% 0.86%,,,-10.25%,-,0.74,1109.87%,6.47%,0.78,-41.90%,2.94,5.22%,6.59%,51.82,1.86,- -,3.02,173.40%,1.50%,0.82,0.00%,0.03,2.69%,-1.92%,0.61,23.00,0.02,10.63%,754.39K,22.77,"Nov 22, 1983",42.48%-0.09%,,"461,632",
TSSI,TSS Inc,,,17.22,0.51,-9.61%,246.92M,27.78,-16.43%,15.44%,-24.50%,1.28,-57.74%,3.56,12.32%,3.06,9.13%,23.76%,3.55,31.99%,21.77-59.81%,-41.94%,-,-171.02%,12.74%,6.8727.36%,2722.58%,-,14.75,100.17%40.39%,,,1550.94%,-,1.12,30.98%,4.86%,0.80,7191.67%,1.38,-26.52%,7.44%,36.41,1.00,- -,1.66,-15.83%,-14.54%,2.03,0.00%,0.48,-20.08%,-20.30%,0.61,8.79,0.40,-21.39%,1.11M,8.75,"Sep 28, 2005",-16.53%-25.36%,,"674,928",
CORT,Corcept Therapeutics Inc,,,291.98,0.42,6.80%,13.22B,28.49,26.47%,10.26%,104.81%,15.91,151.31%,8.94,251.09%,18.69,6.41%,251.29%,42.88,8.08%,122.210.03%,72.23%,123.60,-2.15%-0.84%,7.60%,28.66326.55%,289.08%,-,1464.43,23.74% 16.56%,,,493.45%,-,15.55,-59.24%,0.77%,4.46,2110.67%,2.74,16.02%,6.52%,71.13,1.86,- -,2.83,23.91%,9.94%,0.46,0.00%,0.01,31.74%,25.63%,0.60,121.05,0.01,88.69%,1.10M,122.25,"Apr 14, 2004",1381.48%15.83%,,"656,444",
APPS,Digital Turbine Inc,,,-,-0.31,-12.62%,1.32B,11.44,35.37%,10.00%,143.72%,2.19,29.46%,1.68,158.19%,6.90,-4.21%,117.40%,30.44,-20.39%,15.34-29.12%,181.61%,43.14,- -,-6.55%,2.74296.72%,21.86%,-,12.83,-5.32%12.51%,,,-77.65%,-,2.71,60.41%,10.33%,1.00,976.24%,1.20,19.24%,-5.82%,48.62,1.75,- -,1.20,29.02%,-2.85%,2.87,-,1.87,26.78%,3.59%,0.29,10.71,1.80,76.64%,6.37M,10.87,"Jun 30, 2006",35.71%10.67%,,"1,874,748",
LPTH,Lightpath Technologies Inc,,,-,-0.50,-4.94%,956.92M,600.83,16.57%,16.63%,0.98%,15.24,37.78%,3.11,20.17%,9.91,-20.79%,33.52%,17.32,-28.78%,18.94-23.86%,280.47%,-,-76.82%-,-19.13%,3.40324.12%,795.65%,-,867.40,1.52% 1.25%,,,679.46%,-,14.92,-97.48%,-5.47%,1.22,606.90%,3.24,86.66%,-37.38%,57.54,1.00,- -,3.86,19.17%,15.60%,1.43,-,0.10,108.89%,11.77%,0.80,13.02,0.09,23.33%,3.39M,14.42,"Feb 22, 1996",-288.89%12.40%,,"2,702,070",
SSRM,SSR Mining Inc,,,34.84,1.08,17.33%,7.70B,8.20,38.86%,4.47%,24.86%,3.98,103.01%,2.88,24.00%,2.30,12.63%,72.31%,4.20,19.14%,36.972.15%,123.23%,22.37,27.32%12.99%,6.99%,16.28132.00%,166.17%,0.07 (0.19%),6.07,12.39% 13.82%,,,145.74%,0.03 (0.08%),3.04,42.80%,42.30%,1.65,156.07%,7.77,48.40%,12.26%,73.60,1.09,- -,9.79,11.13%,24.55%,-0.06,0.00%,0.00,9.46%,29.25%,1.32,36.83,0.00,38.53%,3.13M,37.77,"Aug 01, 1996",-1.68%-8.28%,,"4,121,720",
QRVO,Qorvo Inc,,,22.17,4.31,-2.60%,8.43B,11.90,10.18%,7.53%,-2.23%,2.31,9.26%,5.15,16.20%,2.43,6.69%,13.08%,6.34,11.56%,109.49-12.72%,7.29%,12.98,53.53%-10.54%,7.95%,74.9227.55%,-5.03%,-,9.53,1.01%-1.74%,,,-47.37%,-,2.37,403.74%,18.17%,2.86,69.94%,2.68,-0.18%,10.95%,54.12,3.00,- -,3.54,251.85%,0.83%,1.45,0.00%,0.45,-4.15%,3.42%,0.45,96.31,0.45,9.47%,1.27M,95.56,"Jan 02, 2015",47.14%5.59%,,"572,393",
ZVRA,Zevra Therapeutics Inc,,,12.80,0.93,4.86%,704.89M,12.69,-5.19%,12.17%,13.16%,5.18,-17.86%,4.31,34.89%,3.24,20.03%,32.48%,3.18,33.44%,15.03-21.05%,24.82%,21.61,- -,25.62%,7.1665.78%,134.58%,-,11.97,118.82%51.62%,,,31.02%,-,3.56,1868.38%,28.71%,0.55,-85.73%,5.12,119.40%,41.15%,53.99,1.00,- -,5.17,-89.97%,8.57%,0.94,0.00%,0.01,53.25%,-2.78%,0.43,11.89,0.00,16.91%,1.66M,11.87,"Apr 16, 2015",27.27%17.06%,,"704,113",
DAKT,Daktronics Inc,,,20.92,0.92,-5.93%,927.47M,13.09,-3.08%,6.70%,-2.69%,1.11,13.02%,6.26,-30.76%,3.08,8.58%,-2.88%,7.05,15.85%,28.27-32.08%,18.59%,27.04,83.22%30.62%,14.43%,15.5923.16%,137.33%,-,10.33,3.60% 11.71%,,,223.23%,-,0.97,569.18%,7.09%,0.67,173.89%,1.74,10.87%,5.41%,38.03,1.00,- -,2.31,190.17%,-5.63%,1.69,0.00%,0.06,20.90%,-4.55%,0.68,19.19,0.05,-6.67%,471.14K,19.20,"Feb 10, 1994",37.26%1.63%,,"321,461",
AMSC,American Superconductor Corp,,,9.91,3.03,-5.98%,1.45B,23.30,-9.06%,7.55%,-39.28%,4.53,-75.61%,3.58,-11.84%,2.54,22.48%,4.27%,9.86,30.16%,70.49-57.42%,-38.24%,70.85,- -,23.75%,24.8720.67%,230.87%,-,54.57,41.32%27.98%,,,161.64%,-,4.08,668.83%,4.41%,2.01,337.46%,1.74,25.89%,42.56%,39.65,1.00,- -,2.43,19.03%,-3.35%,3.28,0.00%,0.01,30.01%,-14.24%,0.75,30.05,0.00,-17.49%,987.07K,30.01,"Dec 12, 1991",-20.99%7.97%,,"738,844",
SEDG,Solaredge Technologies Inc,,,-,-4.51,-4.90%,1.90B,31.32,-31.70%,18.30%,-51.06%,1.42,86.24%,3.43,-18.65%,4.60,-11.28%,6.86%,3.15,-58.42%,81.25-62.06%,2.05%,21.08,- -,-33.54%,28.219.29%,-81.09%,-,-,-27.52%-4.09%,,,-88.58%,-,1.28,84.96%,-9.97%,3.29,74.08%,1.38,37.91%,-20.29%,35.87,3.40,- -,2.03,76.35%,-13.70%,1.45,-,0.99,19.63%,-33.67%,0.74,30.90,0.96,-27.25%,3.22M,30.83,"Mar 26, 2015",365.97%1.46%,,"2,376,645",
CYTK,Cytokinetics Inc,,,-,-7.22,3.66%,10.68B,-,-6.20%,11.47%,-1.56%,157.86,7.13%,7.53,13.10%,-,-56.76%,20.93%,9.14,-,88.31-12.99%,101.94%,-,-14.71%-27.07%,-85.25%,35.22118.17%,133.27%,-,-,-2.36%9.54%,,,151.44%,-,159.37,-41.03%,-1046.12%,2.58,552.85%,6.66,-21.07%,-1321.12%,46.94,1.22,- -,6.66,-33.78%,-0.78%,0.37,-,-,-57.13%,-3.44%,0.75,77.18,-,11.03%,2.03M,76.84,"Apr 29, 2004",7.87%62.75%,,"1,521,261",
J,Jacobs Solutions Inc,,,52.68,2.85,3.75%,17.57B,18.11,13.70%,4.54%,31.60%,1.24,18.56%,4.84,8.81%,5.39,3.10%,13.30%,14.70,10.14%,168.44-10.90%,1.87%,27.25,-21.79%-3.70%,4.72%,105.6842.01%,33.37%,1.30 (0.87%),22.08,-6.88%-2.27%,,,36.80%,1.40 (0.93%),1.44,-28.63%,4.87%,3.68,237.99%,1.29,20.03%,2.40%,69.43,1.76,11.64%10.99%,1.29,-25.68%,5.12%,0.69,53.77%,1.24,34.49%,12.63%,0.82,147.94,1.21,12.89%,1.09M,150.08,"Apr 27, 1971",0.80%0.54%,,"890,797",
BMRC,Bank of Marin Bancorp,,,-,-0.90,-4.88%,435.79M,11.22,-4.88%,5.45%,2.55%,3.99,201.56%,5.69,-1.03%,1.10,-0.38%,3.46%,-,-3.41%,30.92-12.97%,17.38%,11.55,- -,-3.08%,22.5019.60%,39.72%,1.00 (3.72%),-,-18.69%-6.87%,,,-26.15%,1.00 (3.72%),-,-308.00%,-21.53%,0.73,8.97%,-,-20.46%,-13.07%,35.56,2.33,0.68% 1.68%,0.10,208.30%,-5.55%,0.77,-,0.17,120.20%,-3.83%,0.99,26.95,0.17,1.17%,148.09K,26.91,"Apr 28, 1994",12.62%-0.21%,,"146,589",
INCY,Incyte Corp,,,16.29,7.85,6.37%,25.91B,14.96,9.53%,5.10%,31.21%,4.45,-44.67%,5.48,26.14%,4.05,23.55%,29.40%,5.71,30.67%,132.60-3.61%,47.71%,13.49,61.53%-,25.30%,81.0957.61%,96.99%,-,11.05,14.84% 14.03%,,,70.64%,-,3.68,80.66%,31.61%,3.77,67.93%,4.51,26.93%,27.71%,65.41,2.32,- -,4.59,38.02%,4.30%,0.77,0.00%,0.01,37.72%,9.99%,0.73,127.22,0.00,23.31%,1.87M,127.81,"Nov 04, 1993",40.72%11.31%,,"1,367,411",
CRVS,Corvus Pharmaceuticals Inc,,,-,-0.62,-2.89%,1.22B,-,5.70%,28.26%,10.55%,-,-293.49%,15.29,-12.73%,5.40,-32.93%,87.79%,5.65,-35.43%,26.95-46.35%,173.35%,-,15.40%-21.44%,-23.99%,5.03187.48%,557.27%,-,-,- -,,,657.07%,-,-,8.13%,-,0.74,4.40%,16.16,-,-,51.75,1.12,- -,16.16,-89.11%,2.48%,0.87,-,0.00,-,3.40%,0.40,14.33,0.00,7.25%,1.20M,14.46,"Mar 23, 2016",-19.42%-,,"473,785",
NKTR,Nektar Therapeutics,,,-,-6.70,1.37%,2.53B,-,6.72%,19.08%,7.93%,46.30,15.92%,6.72,0.39%,2.80,-24.12%,75.07%,3.69,-35.75%,109.00-32.09%,164.36%,-,30.93%23.59%,-15.46%,26.45179.85%,593.75%,-,-,-15.66%-18.43%,,,-63.74%,-,36.25,23.10%,-239.32%,3.18,-71.41%,10.42,-27.15%,-287.84%,54.40,1.33,- -,10.42,58.38%,0.87%,-0.75,-,0.15,-9.34%,6.71%,0.65,74.53,0.13,15.54%,938.32K,74.02,"May 03, 1994",37.60%-2.82%,,"614,081",
AXGN,Axogen Inc,,,-,-0.67,3.43%,2.71B,73.96,26.86%,7.76%,22.00%,10.79,51.72%,3.36,42.78%,10.55,-13.15%,53.99%,23.89,-18.21%,50.66-0.51%,218.18%,315.07,20.86% 10.54%,-12.23%,13.64269.50%,742.81%,-,-,17.57% 14.93%,,,224.12%,-,10.42,-543.50%,-5.12%,2.47,458.76%,5.04,23.57%,-13.36%,63.25,1.30,- -,6.60,-334.71%,9.19%,1.15,-,0.08,23.06%,14.55%,1.47,46.44,0.07,39.05%,1.21M,50.40,"Dec 17, 1986",-1.15%3.92%,,"1,779,662",
CBRL,Cracker Barrel Old Country Store Inc,,,49.93,1.15,-0.47%,1.29B,52.35,11.25%,23.97%,81.35%,0.39,-101.41%,4.44,70.81%,2.77,1.24%,126.97%,49.46,5.61%,63.15-8.71%,5.20%,21.77,-28.60%-,1.86%,24.85131.99%,-30.61%,-,19.31,2.16% 6.67%,,,-57.58%,1.00 (1.73%),0.71,-54.90%,-0.05%,2.55,-61.97%,0.19,-4.92%,0.79%,56.70,3.18,-42.28%-23.83%,0.50,239.83%,1.21%,1.18,48.44%,2.35,-2.90%,9.01%,0.46,55.13,2.03,61.40%,1.18M,57.65,"Nov 05, 1981",160.40%2.66%,,"547,450",
KHC,Kraft Heinz Co,,,-,-2.86,0.27%,30.33B,12.36,0.87%,7.29%,8.67%,1.22,-21.05%,6.16,4.84%,0.84,-4.39%,5.48%,10.66,-8.78%,28.10-8.97%,-6.98%,7.95,- -,-6.33%,21.0321.61%,-23.60%,1.60 (6.26%),8.85,-1.98%-0.97%,,,-30.11%,1.60 (6.25%),1.87,36.06%,17.12%,0.72,-71.55%,0.68,-1.62%,-13.64%,52.02,3.25,0.00% 0.00%,1.06,30.27%,-0.44%,0.08,-,0.53,-1.42%,2.31%,0.60,25.57,0.49,6.68%,13.97M,25.58,"Jul 06, 2015",3.51%1.39%,,"8,354,331",
MSFT,Microsoft Corp,,,26.93,17.95,-2.45%,3588.32B,20.58,26.64%,1.11%,15.31%,10.81,14.14%,2.05,21.65%,8.11,19.42%,-0.08%,46.70,34.04%,553.72-12.73%,-4.16%,53.57,22.83% 17.38%,24.22%,349.2038.38%,50.13%,3.90 (0.81%),18.32,16.12% 14.57%,,,58.77%,3.64 (0.75%),10.97,31.42%,46.78%,12.33,738.67%,1.22,17.79%,40.31%,62.42,1.25,10.20%10.20%,1.23,31.65%,2.15%,1.10,20.28%,0.29,17.75%,15.10%,0.57,481.15,0.25,12.04%,39.76M,483.24,"Mar 13, 1986",11.81%2.72%,,"22,510,774",
CARR,Carrier Global Corp,,,42.54,1.42,-3.84%,49.76B,18.31,-12.70%,2.30%,-2.91%,2.25,11.80%,2.79,-5.88%,3.79,3.10%,14.25%,36.94,8.44%,76.76-21.35%,-7.14%,25.81,-24.78%-4.96%,5.02%,50.2420.16%,12.69%,0.95 (1.57%),19.74,2.12% 4.49%,,,9.03%,0.94 (1.57%),2.77,-43.59%,8.21%,1.79,-,0.72,-1.58%,5.43%,34.57,1.89,12.86%26.86%,1.02,-14.66%,-4.16%,1.31,52.40%,0.94,3.89%,-10.32%,0.79,60.15,0.82,-1.45%,6.47M,60.37,"Mar 19, 2020",5.29%5.53%,,"5,083,826",
CFBK,CF Bankshares Inc,,,11.91,2.91,-4.02%,224.63M,8.24,5.91%,2.04%,24.42%,1.80,32.71%,1.39,8.63%,1.14,0.86%,38.68%,-,9.92%,36.94-6.35%,42.39%,12.58,-1.15%-9.71%,6.18%,22.1056.56%,90.74%,0.36 (1.04%),-,21.47% 4.93%,,,85.32%,0.35 (1.01%),-,4.70%,18.18%,0.95,359.19%,-,-0.39%,14.75%,49.52,1.00,18.56%58.49%,0.90,17.10%,-2.64%,0.38,11.17%,0.62,-0.67%,4.03%,1.69,34.52,0.53,19.23%,73.53K,34.60,"Dec 30, 1998",1.12%1.50%,,"124,613",
LUNR,Intuitive Machines Inc,,,-,-0.94,-3.63%,3.17B,-,33.63%,23.58%,-46.50%,6.48,8.81%,2.73,4.39%,-,-11.05%,12.88%,8.37,-,46.75-60.81%,112.04%,-,--83.76%,-107.92%,7.78135.48%,281.67%,-,-,34.70%36.54%,,,-,-,9.03,64.21%,-19.62%,1.56,-,1.43,116.89%,-26.77%,56.04,1.18,- -,1.66,-33.24%,16.58%,1.86,-,-,309.77%,4.47%,0.63,17.93,-,-5.97%,13.05M,18.32,"Nov 17, 2021",-220.80%-2.90%,,"8,197,068",
FLG,Flagstar Bank NA,,,666.83,0.02,-5.47%,5.59B,10.25,-8.43%,10.99%,-0.88%,1.26,166.98%,7.01,-3.37%,0.74,0.05%,6.99%,-,0.59%,15.44-12.76%,14.15%,-,- -,0.33%,10.5727.44%,-62.58%,0.04 (0.30%),-,27.24%22.25%,,,-63.53%,0.04 (0.30%),-,102.10%,2.66%,0.29,-68.84%,-,-21.42%,0.34%,31.22,1.89,-73.03%-54.45%,0.33,129.22%,-3.98%,1.00,-,1.39,-13.77%,-7.31%,0.79,13.49,0.81,-0.06%,4.70M,13.47,"Nov 23, 1993",-6.10%-4.33%,,"3,695,656",
OSBC,Old Second Bancorporation Inc,,,14.53,1.74,-2.22%,1.29B,10.62,7.76%,3.56%,20.19%,2.82,34.98%,4.15,23.16%,1.43,1.47%,29.92%,-,11.40%,26.06-2.76%,44.03%,9.07,2.74% 11.88%,9.50%,16.6552.16%,72.11%,0.29 (1.13%),-,15.65% 23.14%,,,114.70%,0.28 (1.11%),-,-4.91%,27.13%,0.46,236.45%,-,33.92%,20.21%,56.98,1.50,7.72%44.27%,0.05,13.57%,-0.62%,0.70,15.46%,0.52,32.69%,5.63%,0.82,25.20,0.08,19.87%,410.81K,25.33,"Nov 16, 1993",-0.92%1.80%,,"337,299",
INVA,Innoviva Inc,,,5.13,4.10,-0.57%,1.52B,9.14,-0.61%,9.66%,-5.09%,3.35,-25.15%,8.29,-9.92%,1.24,23.53%,5.40%,2.63,36.68%,25.15-16.21%,5.51%,8.04,- 10.35%,23.78%,16.5227.54%,58.30%,-,5.97,325.77%3.93%,,,32.18%,-,2.67,693.83%,35.83%,0.54,78.71%,15.18,18.17%,78.72%,47.41,2.00,- -,16.01,-247.04%,0.18%,0.34,0.00%,0.22,18.61%,-3.39%,0.60,21.00,0.22,-3.21%,830.97K,21.07,"Oct 05, 2004",-361.47%7.75%,,"499,342",
MQ,Marqeta Inc,,,166.77,0.10,0.15%,1.70B,32.07,-2.21%,4.89%,3.54%,2.51,285.11%,3.37,-3.54%,2.38,0.80%,-13.89%,1.77,1.33%,25.83-36.66%,-31.14%,10.19,55.37%19.44%,1.44%,14.8010.54%,-28.62%,-,24.51,-5.83%16.57%,,,-83.45%,-,1.12,119.45%,-0.42%,0.69,-,1.66,22.41%,1.53%,49.73,2.80,- -,1.66,1364.29%,-1.62%,1.29,-,0.02,17.02%,-0.46%,0.66,15.80,0.01,-4.42%,1.22M,16.36,"Jun 09, 2021",607.07%1.57%,,"798,956",
ADSK,Autodesk Inc,,,37.09,6.84,0.86%,53.56B,17.91,23.66%,4.23%,5.68%,7.12,20.64%,3.37,11.83%,16.79,12.99%,-14.25%,18.32,50.40%,329.09-22.87%,-11.27%,19.63,11.46%-0.79%,24.97%,185.5036.83%,25.64%,-,28.08,13.34% 13.69%,,,-24.09%,-,7.10,46.42%,22.48%,9.57,298.22%,0.83,18.88%,19.46%,62.04,1.43,- -,0.83,229.12%,3.76%,1.30,0.00%,0.85,19.63%,15.50%,0.68,251.02,0.84,1.75%,2.63M,253.82,"Jun 28, 1985",5.15%2.15%,,"1,795,364",
BAC,Bank Of America Corp,,,14.20,4.35,-4.34%,431.38B,11.73,0.67%,1.44%,19.81%,2.21,21.91%,2.94,16.26%,1.57,0.97%,12.16%,-,11.25%,65.22-5.42%,27.83%,5.25,6.17% 15.28%,5.34%,46.1233.77%,111.63%,1.19 (1.93%),-,18.12% 15.40%,,,52.81%,1.12 (1.82%),-,27.92%,21.32%,1.09,305.32%,-,-1.71%,16.53%,46.38,1.52,7.89% 8.45%,1.03,35.31%,-2.11%,1.17,28.33%,2.47,0.28%,1.93%,0.98,61.86,1.10,13.37%,34.16M,61.69,"Jun 05, 1979",7.19%2.54%,,"33,434,833",
VECO,Veeco Instruments Inc,,,131.41,0.36,-8.66%,2.93B,15.11,-12.31%,9.88%,-17.11%,4.29,12.76%,4.57,63.23%,3.24,1.73%,67.46%,6.81,2.64%,86.63-44.75%,99.42%,34.35,-39.83%-,2.00%,23.31105.32%,67.28%,-,56.41,0.93% 7.90%,,,131.43%,-,4.04,-64.30%,4.26%,3.72,134.72%,2.63,-2.52%,3.40%,41.79,2.40,- -,3.93,-9.80%,-4.68%,1.38,0.00%,0.29,16.48%,-18.36%,0.31,47.20,0.28,11.05%,1.30M,47.86,"Nov 29, 1994",28.01%7.44%,,"397,019",
CDP,COPT Defense Properties,,,25.97,1.44,0.87%,8.43B,25.79,-0.56%,6.25%,15.35%,10.75,7.09%,7.11,14.85%,2.77,3.73%,34.06%,348.81,10.85%,38.90-4.19%,31.09%,30.07,1.58% 9.15%,3.95%,27.0637.76%,49.26%,1.27 (3.42%),27.50,1.11% 5.58%,,,30.86%,1.25 (3.35%),14.23,13.52%,30.32%,0.62,30.54%,1.72,4.50%,20.85%,54.25,1.57,3.51% 2.09%,1.72,19.22%,-0.20%,0.79,91.01%,1.75,3.94%,1.90%,0.53,37.12,1.72,15.40%,992.47K,37.27,"Dec 31, 1991",21.62%-0.29%,,"526,729",
ALKS,Alkermes plc,,,125.53,0.39,-1.49%,8.11B,74.47,-8.76%,8.85%,30.80%,4.86,-133.72%,6.98,51.46%,4.48,1.99%,72.73%,12.35,3.85%,55.67-13.18%,66.31%,36.58,- -,1.98%,25.1792.05%,75.40%,-,43.96,9.90% 7.28%,,,71.87%,-,5.41,-81.14%,8.62%,1.77,17.12%,1.85,10.79%,3.97%,43.64,1.71,- -,2.30,-99.44%,-2.38%,0.31,0.00%,0.87,26.97%,-3.90%,0.46,48.02,0.85,31.03%,2.06M,48.33,"Jul 16, 1991",100.00%8.45%,,"939,640",
UBER,Uber Technologies Inc,,,17.32,4.55,3.75%,160.95B,17.83,14.35%,2.42%,7.05%,2.91,-29.25%,2.29,6.69%,5.88,15.73%,-3.56%,26.60,38.38%,101.99-22.74%,-16.37%,15.91,- -,24.02%,65.4120.47%,76.56%,-,20.99,17.73%36.10%,,,97.25%,-,3.09,-23.01%,13.32%,2.74,-,0.84,16.68%,17.34%,61.98,1.43,- -,0.84,85.08%,6.71%,1.16,0.00%,0.54,12.17%,8.07%,0.62,78.55,0.46,2.21%,20.66M,78.80,"May 10, 2019",0.67%-0.31%,,"12,754,393",
ALGT,Allegiant Travel,,,58.18,1.41,-4.55%,2.24B,6.91,-13.37%,5.83%,0.57%,0.77,76.18%,2.49,-23.95%,1.26,0.46%,-4.01%,2.05,1.76%,123.63-33.79%,46.42%,-,-26.48%,0.58%,53.7052.43%,-12.33%,-,8.07,4.23% 21.36%,,,-53.94%,-,1.38,108.84%,8.64%,5.00,-38.70%,0.80,12.24%,0.86%,37.39,1.71,- -,0.83,94.13%,-10.82%,1.51,-,1.60,36.86%,-17.99%,1.41,76.41,1.42,-7.42%,571.56K,81.85,"Dec 08, 2006",97.08%-3.99%,,"803,764",
LWLG,Lightwave Logic Inc,,,-,-0.16,-18.23%,954.30M,-,-7.34%,15.87%,-53.00%,3817.20,-,5.42,78.90%,9.16,-32.54%,91.05%,9.95,-34.36%,18.71-66.91%,180.09%,-,-0.82%-16.65%,-21.46%,2.03204.93%,-9.64%,-,-,- -,,,-14.62%,-,3443.56,3.72%,-9688.21%,0.67,733.67%,62.82,165.22%,-9134.42%,41.53,-,- -,62.82,-8.84%,-10.36%,2.44,-,0.02,27.91%,-17.24%,0.40,6.10,0.02,-13.74%,4.47M,6.19,"Feb 11, 2004",- -,,"1,777,691",
IVZ,Invesco Ltd,,,-,-0.70,-1.63%,14.14B,9.79,7.45%,3.73%,18.68%,1.98,38.52%,3.20,20.97%,1.42,-0.23%,21.89%,8.78,-0.49%,32.80-2.38%,54.91%,7.23,- -,-0.46%,20.5855.59%,113.61%,0.86 (2.69%),10.08,2.86% 0.83%,,,33.47%,0.85 (2.65%),2.48,-173.65%,22.63%,0.90,5.71%,0.99,15.64%,-4.34%,58.88,2.53,4.37% 1.25%,0.99,2853.26%,2.48%,1.60,-,0.13,22.41%,8.55%,0.61,31.36,0.13,19.55%,5.11M,32.02,"Aug 25, 1995",6.62%0.83%,,"3,094,750",
NVO,Novo Nordisk ADR,,,11.42,4.09,1.85%,156.39B,14.02,-2.99%,0.88%,5.29%,3.04,-7.19%,2.38,-1.43%,6.11,21.81%,-8.14%,22.73,60.35%,64.16-27.15%,-15.71%,13.26,26.28%20.36%,34.67%,35.1233.09%,-49.71%,1.82 (3.89%),6.44,23.19% 19.21%,,,-12.32%,1.80 (3.84%),3.32,12.68%,45.38%,1.43,99.40%,0.66,13.21%,35.36%,48.53,2.47,26.98%19.93%,0.87,-18.69%,-0.96%,0.76,36.87%,0.63,4.59%,-1.76%,0.88,46.14,0.55,0.70%,12.38M,46.74,"Apr 30, 1981",23.99%11.34%,,"10,912,629",
EL.PA,Estee Lauder Cos. Inc,,,204.86,0.50,18.40%,36.88B,25.87,27.55%,3.23%,29.19%,2.45,34.43%,2.40,-10.76%,9.69,0.92%,-2.65%,10.54,4.75%,121.64-16.19%,16.21%,28.03,-43.64%-42.29%,1.50%,66.2253.94%,-32.45%,1.59 (1.56%),17.15,-1.70%-1.49%,,,-69.13%,1.40 (1.37%),2.83,116.01%,11.21%,3.65,11.13%,0.90,5.51%,1.21%,74.05,2.14,-18.44%-7.52%,1.22,78.89%,16.23%,1.26,280.62%,2.43,6.81%,19.97%,1.81,96.15,2.19,11.30%,3.32M,101.94,"Nov 17, 1995",22.22%2.31%,,"6,022,537",
ADTN,ADTRAN Holdings Inc,,,-,-0.28,-7.50%,633.11M,13.34,-23.45%,14.24%,-47.61%,0.56,25.54%,4.36,-22.84%,4.87,-1.91%,-10.59%,5.35,-15.11%,19.98-61.11%,-10.69%,11.12,-151.68%-,-6.07%,7.119.28%,-3.60%,-,11.63,1.86% 16.43%,,,-65.92%,-,0.98,78.71%,-0.18%,0.58,-57.10%,1.19,15.75%,-1.99%,32.61,1.44,- -,1.79,46.59%,-5.69%,1.49,-,1.87,6.07%,-30.72%,0.50,7.86,1.87,-31.98%,2.44M,7.77,"Aug 10, 1994",-58.63%-3.12%,,"1,220,747",
TIGO,Millicom International Cellular SA,,,23.62,3.97,-0.22%,15.70B,16.08,-2.67%,4.57%,7.91%,2.17,-49.49%,2.20,43.98%,6.40,3.72%,71.62%,17.62,22.16%,107.13-12.55%,111.10%,9.86,167.59%-,5.15%,43.36116.06%,536.20%,4.25 (4.54%),8.01,1.14% 6.89%,,,231.47%,2.98 (3.18%),3.70,-29.84%,23.01%,3.97,128.38%,0.51,29.10%,9.19%,50.11,3.00,- -,0.53,-83.91%,-0.66%,0.90,41.38%,4.85,58.82%,0.34%,0.42,90.47,4.26,27.30%,1.79M,93.68,"Nov 01, 1982",-8.49%2.10%,,"753,263",
GPN,Global Payments Inc,,,29.33,3.19,0.47%,24.74B,5.82,20.07%,7.97%,28.79%,2.43,11.82%,4.79,13.36%,1.08,0.89%,20.79%,4.35,2.18%,95.58-2.19%,9.06%,30.07,142.72%24.36%,1.69%,61.1652.86%,-24.39%,1.20 (1.28%),9.44,-4.96%0.75%,,,-42.67%,1.00 (1.07%),4.26,-43.97%,20.57%,3.14,25.07%,0.82,7.48%,7.40%,65.80,2.35,0.00% 5.09%,0.82,-57.11%,5.45%,0.78,17.28%,1.02,69.71%,17.59%,1.13,92.28,0.93,24.87%,3.66M,93.49,"Jan 16, 2001",0.18%-0.14%,,"4,132,362",
APP,Applovin Corp,,,23.50,13.01,-3.07%,102.33B,14.93,-23.34%,4.47%,-37.07%,14.98,62.33%,1.96,-26.97%,32.41,61.99%,-54.62%,33.51,203.68%,745.61-58.99%,-26.98%,22.60,- -,66.03%,303.170.86%,683.82%,-,18.88,21.89%30.45%,,,337.00%,-,15.05,90.65%,77.74%,20.43,-,4.30,28.52%,64.57%,29.62,1.47,- -,4.30,80.33%,-13.75%,2.50,0.00%,1.11,52.82%,-28.43%,0.90,308.77,1.11,-38.87%,6.07M,305.77,"Apr 15, 2021",0.11%-0.94%,,"5,485,692",
GLNG,Golar Lng,,,80.22,0.65,-0.93%,5.28B,108.07,4.35%,7.86%,-0.59%,10.09,-28.08%,5.12,13.56%,2.73,3.24%,39.75%,6.07,8.55%,57.79-10.02%,20.20%,-,-53.33%-,3.75%,35.0248.49%,134.02%,0.89 (1.71%),25.02,13.70%-2.15%,,,404.85%,1.00 (1.92%),14.02,2393.43%,45.51%,1.43,156.03%,2.34,94.64%,31.27%,60.48,1.31,- -,2.34,145.13%,2.97%,0.04,157.31%,1.38,72.42%,3.35%,0.87,52.14,1.25,11.39%,1.31M,52.00,"Dec 18, 2002",-1.11%-0.62%,,"1,143,068",
WRLD,World Acceptance Corp,,,22.26,8.46,-3.33%,877.94M,12.44,3.97%,13.39%,19.08%,1.48,89.10%,4.07,44.12%,2.42,3.78%,34.10%,31.38,10.07%,227.68-17.31%,14.66%,3.36,24.11%-12.26%,4.01%,110.0071.15%,42.42%,-,5.10,-1.73%2.17%,,,-1.85%,-,2.53,-42.48%,17.39%,7.71,317.73%,0.43,4.36%,6.71%,49.38,3.00,- -,0.43,424.60%,0.00%,1.14,0.00%,1.79,5.10%,-1.86%,0.36,183.94,1.74,21.46%,124.66K,188.27,"Nov 26, 1991",265.52%-3.26%,,"45,225",
F,Ford Motor Co,,,-,-1.73,0.28%,57.46B,7.36,1.84%,2.21%,5.41%,0.31,69.73%,1.51,2.86%,1.71,-2.56%,9.83%,1.83,-18.31%,17.78-18.95%,27.18%,7.89,-60.92%-44.90%,-5.03%,11.1129.70%,24.10%,0.60 (4.16%),19.40,5.82% 8.05%,,,24.16%,0.60 (4.16%),1.01,-315.47%,1.98%,0.47,27.38%,0.93,1.47%,-3.93%,53.12,2.48,14.47%37.97%,1.09,-3557.14%,0.78%,1.83,-,4.57,-3.76%,1.78%,0.79,13.99,3.12,7.10%,56.99M,14.41,"Jun 01, 1972",17.12%2.25%,,"45,121,066",
DDD,3D Systems Corp,,,-,-0.42,-14.02%,530.01M,-,23.17%,27.26%,6.69%,1.37,62.16%,10.31,52.63%,1.94,-9.77%,80.23%,4.14,-21.31%,4.12-22.57%,57.92%,-,- -,-13.35%,1.7087.65%,-49.20%,-,-,-10.41%-7.04%,,,-88.56%,-,1.43,61.98%,-14.95%,0.24,-79.26%,2.27,-6.22%,-14.15%,47.91,2.00,- -,3.40,-115.10%,-2.52%,2.74,0.00%,0.56,-0.27%,3.40%,0.51,3.16,0.50,27.78%,4.23M,3.19,"Nov 05, 1990",27.27%0.63%,,"2,156,496",
RUN,Sunrun Inc,,,6.16,1.49,-10.11%,2.21B,18.57,-11.75%,27.84%,-36.59%,0.63,-26.88%,6.37,-54.83%,0.63,1.82%,-50.22%,1.94,12.62%,22.44-59.18%,-37.86%,-,29.30%-,2.23%,8.616.39%,-33.62%,-,19.81,8.40%26.24%,,,-78.25%,-,5.18,115.06%,2.46%,0.67,53.18%,1.00,63.23%,11.65%,38.32,1.92,- -,1.42,-60.68%,-7.07%,2.38,0.00%,4.36,52.81%,-20.00%,0.81,9.36,4.20,-38.96%,10.16M,9.16,"Aug 05, 2015",86.25%16.48%,,"8,191,815",
CLMT,Calumet Inc,,,-,-1.56,2.70%,4.31B,32.86,14.46%,4.83%,49.10%,0.94,-446.03%,3.12,74.16%,-,-4.90%,146.65%,28.76,-,51.50-4.83%,230.37%,58.61,43.33%26.87%,-12.57%,13.71257.48%,188.80%,-,28.13,-4.07%12.77%,,,693.04%,-,1.45,70.13%,1.19%,2.15,767.43%,0.49,12.80%,-2.98%,63.47,2.33,- -,0.84,35.75%,8.97%,0.71,-,-,40.77%,21.06%,0.83,48.29,-,62.75%,1.07M,49.01,"Jan 26, 2006",-1717.21%29.29%,,"889,451",
ROL,Rollins Inc,,,33.51,1.10,1.96%,17.76B,28.98,-6.41%,6.12%,-30.38%,4.53,4.81%,3.58,-39.84%,12.42,16.27%,-38.50%,162.81,37.01%,66.14-44.19%,-36.36%,28.68,13.27% 15.44%,24.28%,35.833.01%,-7.40%,0.74 (2.02%),21.52,11.74% 11.72%,,,-5.94%,0.73 (1.97%),4.78,9.06%,18.91%,1.02,199.52%,0.54,9.90%,13.55%,35.69,2.45,16.51%23.16%,0.59,2.43%,-1.09%,0.74,62.28%,0.78,7.91%,-10.75%,0.71,36.38,0.53,-30.87%,5.34M,36.91,"Jul 02, 1962",-10.63%-1.42%,,"3,774,316",
GLRE,Greenlight Capital Re Ltd,,,6.50,2.35,-2.98%,499.09M,10.20,-6.48%,2.47%,-13.17%,0.73,-42.54%,3.66,8.06%,0.69,3.90%,4.87%,-,11.50%,19.39-21.12%,17.25%,2.11,43.59%83.31%,10.85%,11.5632.21%,38.87%,-,-,13.68% 8.99%,,,82.46%,-,-,77.35%,7.37%,0.49,-26.53%,-,0.10%,11.89%,39.29,1.67,- -,1.30,21.53%,-4.47%,0.33,0.00%,0.01,-8.98%,-5.99%,0.69,15.38,0.01,-1.37%,164.85K,15.29,"May 24, 2007",-157.75%-,,"113,866",
PAGP,Plains GP Holdings LP,,,9.81,2.73,3.87%,20.45B,14.59,2.86%,8.04%,6.89%,0.39,68.08%,10.50,24.57%,3.36,-0.01%,47.91%,19.29,-0.27%,26.85-0.04%,52.98%,8.63,8.82% -,5.43%,15.4873.39%,85.40%,1.63 (6.07%),17.06,-8.16%13.42%,,,206.30%,0.00 (0.01%),0.80,307.04%,2.83%,0.48,-4.82%,1.10,9.00%,1.06%,66.65,2.54,22.35%11.05%,1.12,1196.77%,4.13%,0.45,136.21%,5.47,65.47%,7.98%,1.61,26.80,5.46,22.79%,1.47M,26.84,"Oct 16, 2013",352.15%37.53%,,"2,373,704",
ATRA,Atara Biotherapeutics Inc,,,-,-1.40,19.90%,97.37M,24.15,18.73%,8.04%,3.85%,15.73,-127.70%,6.85,132.06%,-,-57.62%,-46.38%,9.87,-,19.15-49.33%,-15.58%,-,- -,-135.76%,3.92147.45%,-72.48%,-,-,23.85% -,,,-96.93%,-,22.44,-253.97%,-238.73%,0.73,-98.26%,1.98,-96.72%,-269.42%,59.24,1.50,- -,1.98,-265.86%,12.91%,0.11,0.00%,-,-96.42%,4.37%,0.35,9.38,-,8.14%,78.39K,9.70,"Oct 16, 2014",-1.59%14.55%,,"27,086",
