datetime,META
2016-12-19 17:30:00,119.24
2016-12-20 17:30:00,119.09
2016-12-21 17:30:00,119.04
2016-12-22 17:30:00,117.4
2016-12-23 17:30:00,117.27
2016-12-27 17:30:00,118.01
2016-12-28 17:30:00,116.92
2016-12-29 17:30:00,116.35
2016-12-30 17:30:00,115.05
2017-01-03 17:30:00,116.86
2017-01-04 17:30:00,118.69
2017-01-05 17:30:00,120.67
2017-01-06 17:30:00,123.41
2017-01-09 17:30:00,124.9
2017-01-10 17:30:00,124.35
2017-01-11 17:30:00,126.09
2017-01-12 17:30:00,126.62
2017-01-13 17:30:00,128.34
2017-01-17 17:30:00,127.87
2017-01-18 17:30:00,127.92
2017-01-19 17:30:00,127.55
2017-01-20 17:30:00,127.04
2017-01-23 17:30:00,128.93
2017-01-24 17:30:00,129.37
2017-01-25 17:30:00,131.48
2017-01-26 17:30:00,132.78
2017-01-27 17:30:00,132.18
2017-01-30 17:30:00,130.98
2017-01-31 17:30:00,130.32
2017-02-01 17:30:00,133.23
2017-02-02 17:30:00,130.84
2017-02-03 17:30:00,130.98
2017-02-06 17:30:00,132.06
2017-02-07 17:30:00,131.84
2017-02-08 17:30:00,134.2
2017-02-09 17:30:00,134.14
2017-02-10 17:30:00,134.19
2017-02-13 17:30:00,134.05
2017-02-14 17:30:00,133.85
2017-02-15 17:30:00,133.44
2017-02-16 17:30:00,133.84
2017-02-17 17:30:00,133.53
2017-02-21 17:30:00,133.72
2017-02-22 17:30:00,136.12
2017-02-23 17:30:00,135.36
2017-02-24 17:30:00,135.44
2017-02-27 17:30:00,136.41
2017-02-28 17:30:00,135.54
2017-03-01 17:30:00,137.42
2017-03-02 17:30:00,136.76
2017-03-03 17:30:00,137.17
2017-03-06 17:30:00,137.42
2017-03-07 17:30:00,137.3
2017-03-08 17:30:00,137.72
2017-03-09 17:30:00,138.24
2017-03-10 17:30:00,138.79
2017-03-13 16:30:00,139.6
2017-03-14 16:30:00,139.32
2017-03-15 16:30:00,139.72
2017-03-16 16:30:00,139.99
2017-03-17 16:30:00,139.84
2017-03-20 16:30:00,139.94
2017-03-21 16:30:00,138.51
2017-03-22 16:30:00,139.59
2017-03-23 16:30:00,139.53
2017-03-24 16:30:00,140.34
2017-03-27 16:30:00,140.32
2017-03-28 16:30:00,141.76
2017-03-29 16:30:00,142.65
2017-03-30 16:30:00,142.41
2017-03-31 16:30:00,142.05
2017-04-03 16:30:00,142.28
2017-04-04 16:30:00,141.73
2017-04-05 16:30:00,141.85
2017-04-06 16:30:00,141.17
2017-04-07 16:30:00,140.78
2017-04-10 16:30:00,141.04
2017-04-11 16:30:00,139.92
2017-04-12 16:30:00,139.58
2017-04-13 16:30:00,139.39
2017-04-17 16:30:00,141.42
2017-04-18 16:30:00,140.96
2017-04-19 16:30:00,142.27
2017-04-20 16:30:00,143.8
2017-04-21 16:30:00,143.68
2017-04-24 16:30:00,145.47
2017-04-25 16:30:00,146.49
2017-04-26 16:30:00,146.56
2017-04-27 16:30:00,147.7
2017-04-28 16:30:00,150.25
2017-05-01 16:30:00,152.46
2017-05-02 16:30:00,152.78
2017-05-03 16:30:00,151.8
2017-05-04 16:30:00,150.85
2017-05-05 16:30:00,150.24
2017-05-08 16:30:00,151.06
2017-05-09 16:30:00,150.48
2017-05-10 16:30:00,150.29
2017-05-11 16:30:00,150.04
2017-05-12 16:30:00,150.33
2017-05-15 16:30:00,150.19
2017-05-16 16:30:00,149.78
2017-05-17 16:30:00,144.85
2017-05-18 16:30:00,147.66
2017-05-19 16:30:00,148.06
2017-05-22 16:30:00,148.24
2017-05-23 16:30:00,148.07
2017-05-24 16:30:00,150.04
2017-05-25 16:30:00,151.96
2017-05-26 16:30:00,152.13
2017-05-30 16:30:00,152.38
2017-05-31 16:30:00,151.46
2017-06-01 16:30:00,151.53
2017-06-02 16:30:00,153.61
2017-06-05 16:30:00,153.63
2017-06-06 16:30:00,152.81
2017-06-07 16:30:00,153.12
2017-06-08 16:30:00,154.71
2017-06-09 16:30:00,149.6
2017-06-12 16:30:00,148.44
2017-06-13 16:30:00,150.68
2017-06-14 16:30:00,150.25
2017-06-15 16:30:00,149.8
2017-06-16 16:30:00,150.64
2017-06-19 16:30:00,152.87
2017-06-20 16:30:00,152.25
2017-06-21 16:30:00,153.91
2017-06-22 16:30:00,153.4
2017-06-23 16:30:00,155.07
2017-06-26 16:30:00,153.59
2017-06-27 16:30:00,150.58
2017-06-28 16:30:00,153.24
2017-06-29 16:30:00,151.04
2017-06-30 16:30:00,150.98
2017-07-03 16:30:00,148.43
2017-07-05 16:30:00,150.34
2017-07-06 16:30:00,148.82
2017-07-07 16:30:00,151.44
2017-07-10 16:30:00,153.5
2017-07-11 16:30:00,155.27
2017-07-12 16:30:00,158.9
2017-07-13 16:30:00,159.26
2017-07-14 16:30:00,159.97
2017-07-17 16:30:00,159.73
2017-07-18 16:30:00,162.86
2017-07-19 16:30:00,164.14
2017-07-20 16:30:00,164.53
2017-07-21 16:30:00,164.43
2017-07-24 16:30:00,166.0
2017-07-25 16:30:00,165.28
2017-07-26 16:30:00,165.61
2017-07-27 16:30:00,170.44
2017-07-28 16:30:00,172.45
2017-07-31 16:30:00,169.25
2017-08-01 16:30:00,169.86
2017-08-02 16:30:00,169.3
2017-08-03 16:30:00,168.59
2017-08-04 16:30:00,169.62
2017-08-07 16:30:00,171.98
2017-08-08 16:30:00,171.23
2017-08-09 16:30:00,171.18
2017-08-10 16:30:00,167.4
2017-08-11 16:30:00,168.08
2017-08-14 16:30:00,170.75
2017-08-15 16:30:00,171.0
2017-08-16 16:30:00,170.0
2017-08-17 16:30:00,166.91
2017-08-18 16:30:00,167.41
2017-08-21 16:30:00,167.78
2017-08-22 16:30:00,169.64
2017-08-23 16:30:00,168.71
2017-08-24 16:30:00,167.74
2017-08-25 16:30:00,166.32
2017-08-28 16:30:00,167.24
2017-08-29 16:30:00,168.05
2017-08-30 16:30:00,169.92
2017-08-31 16:30:00,171.97
2017-09-01 16:30:00,172.02
2017-09-05 16:30:00,170.72
2017-09-06 16:30:00,172.09
2017-09-07 16:30:00,173.21
2017-09-08 16:30:00,170.95
2017-09-11 16:30:00,173.51
2017-09-12 16:30:00,172.96
2017-09-13 16:30:00,173.05
2017-09-14 16:30:00,170.96
2017-09-15 16:30:00,171.64
2017-09-18 16:30:00,170.01
2017-09-19 16:30:00,172.52
2017-09-20 16:30:00,172.17
2017-09-21 16:30:00,171.11
2017-09-22 16:30:00,170.54
2017-09-25 16:30:00,162.87
2017-09-26 16:30:00,164.21
2017-09-27 16:30:00,167.68
2017-09-28 16:30:00,168.73
2017-09-29 16:30:00,170.87
2017-10-02 16:30:00,169.47
2017-10-03 16:30:00,169.96
2017-10-04 16:30:00,168.42
2017-10-05 16:30:00,171.24
2017-10-06 16:30:00,172.23
2017-10-09 16:30:00,172.5
2017-10-10 16:30:00,171.59
2017-10-11 16:30:00,172.74
2017-10-12 16:30:00,172.55
2017-10-13 16:30:00,173.74
2017-10-16 16:30:00,174.52
2017-10-17 16:30:00,176.11
2017-10-18 16:30:00,176.03
2017-10-19 16:30:00,174.56
2017-10-20 16:30:00,174.98
2017-10-23 16:30:00,171.27
2017-10-24 16:30:00,171.8
2017-10-25 16:30:00,170.6
2017-10-26 16:30:00,170.63
2017-10-27 16:30:00,177.88
2017-10-30 16:30:00,179.87
2017-10-31 16:30:00,180.06
2017-11-01 16:30:00,182.66
2017-11-02 16:30:00,178.92
2017-11-03 16:30:00,178.92
2017-11-06 17:30:00,180.17
2017-11-07 17:30:00,180.25
2017-11-08 17:30:00,179.56
2017-11-09 17:30:00,179.3
2017-11-10 17:30:00,178.46
2017-11-13 17:30:00,178.77
2017-11-14 17:30:00,178.07
2017-11-15 17:30:00,177.95
2017-11-16 17:30:00,179.59
2017-11-17 17:30:00,179.0
2017-11-20 17:30:00,178.74
2017-11-21 17:30:00,181.86
2017-11-22 17:30:00,180.87
2017-11-24 17:30:00,182.78
2017-11-27 17:30:00,183.03
2017-11-28 17:30:00,182.42
2017-11-29 17:30:00,175.13
2017-11-30 17:30:00,177.18
2017-12-01 17:30:00,175.1
2017-12-04 17:30:00,171.47
2017-12-05 17:30:00,172.83
2017-12-06 17:30:00,176.06
2017-12-07 17:30:00,180.14
2017-12-08 17:30:00,179.0
2017-12-11 17:30:00,179.04
2017-12-12 17:30:00,176.96
2017-12-13 17:30:00,178.3
2017-12-14 17:30:00,178.39
2017-12-15 17:30:00,180.18
2017-12-18 17:30:00,180.82
2017-12-19 17:30:00,179.51
2017-12-20 17:30:00,177.89
2017-12-21 17:30:00,177.45
2017-12-22 17:30:00,177.2
2017-12-26 17:30:00,175.99
2017-12-27 17:30:00,177.62
2017-12-28 17:30:00,177.92
2017-12-29 17:30:00,176.46
2018-01-02 17:30:00,181.42
2018-01-03 17:30:00,184.67
2018-01-04 17:30:00,184.33
2018-01-05 17:30:00,186.85
2018-01-08 17:30:00,188.28
2018-01-09 17:30:00,187.87
2018-01-10 17:30:00,187.84
2018-01-11 17:30:00,187.77
2018-01-12 17:30:00,179.37
2018-01-16 17:30:00,178.39
2018-01-17 17:30:00,177.6
2018-01-18 17:30:00,179.8
2018-01-19 17:30:00,181.29
2018-01-22 17:30:00,185.37
2018-01-23 17:30:00,189.35
2018-01-24 17:30:00,186.55
2018-01-25 17:30:00,187.48
2018-01-26 17:30:00,190.0
2018-01-29 17:30:00,185.98
2018-01-30 17:30:00,187.12
2018-01-31 17:30:00,186.89
2018-02-01 17:30:00,193.09
2018-02-02 17:30:00,190.28
2018-02-05 17:30:00,181.26
2018-02-06 17:30:00,185.31
2018-02-07 17:30:00,180.18
2018-02-08 17:30:00,171.58
2018-02-09 17:30:00,176.11
2018-02-12 17:30:00,176.41
2018-02-13 17:30:00,173.15
2018-02-14 17:30:00,179.52
2018-02-15 17:30:00,179.96
2018-02-16 17:30:00,177.36
2018-02-20 17:30:00,176.01
2018-02-21 17:30:00,177.91
2018-02-22 17:30:00,178.99
2018-02-23 17:30:00,183.29
2018-02-26 17:30:00,184.93
2018-02-27 17:30:00,181.46
2018-02-28 17:30:00,178.32
2018-03-01 17:30:00,175.94
2018-03-02 17:30:00,176.62
2018-03-05 17:30:00,180.4
2018-03-06 17:30:00,179.78
2018-03-07 17:30:00,183.71
2018-03-08 17:30:00,182.34
2018-03-09 17:30:00,185.23
2018-03-12 16:30:00,184.76
2018-03-13 16:30:00,181.88
2018-03-14 16:30:00,184.19
2018-03-15 16:30:00,183.86
2018-03-16 16:30:00,185.09
2018-03-19 16:30:00,172.56
2018-03-20 16:30:00,168.15
2018-03-21 16:30:00,169.39
2018-03-22 16:30:00,164.89
2018-03-23 16:30:00,159.39
2018-03-26 16:30:00,160.06
2018-03-27 16:30:00,152.22
2018-03-28 16:30:00,153.03
2018-03-29 16:30:00,159.79
2018-04-02 16:30:00,155.39
2018-04-03 16:30:00,156.11
2018-04-04 16:30:00,155.1
2018-04-05 16:30:00,159.34
2018-04-06 16:30:00,157.2
2018-04-09 16:30:00,157.93
2018-04-10 16:30:00,165.04
2018-04-11 16:30:00,166.32
2018-04-12 16:30:00,163.87
2018-04-13 16:30:00,164.52
2018-04-16 16:30:00,164.83
2018-04-17 16:30:00,168.66
2018-04-18 16:30:00,166.36
2018-04-19 16:30:00,168.1
2018-04-20 16:30:00,166.28
2018-04-23 16:30:00,165.84
2018-04-24 16:30:00,159.69
2018-04-25 16:30:00,159.69
2018-04-26 16:30:00,174.16
2018-04-27 16:30:00,173.59
2018-04-30 16:30:00,172.0
2018-05-01 16:30:00,173.86
2018-05-02 16:30:00,176.07
2018-05-03 16:30:00,174.02
2018-05-04 16:30:00,176.61
2018-05-07 16:30:00,177.97
2018-05-08 16:30:00,178.92
2018-05-09 16:30:00,182.66
2018-05-10 16:30:00,185.53
2018-05-11 16:30:00,186.99
2018-05-14 16:30:00,186.64
2018-05-15 16:30:00,184.32
2018-05-16 16:30:00,183.2
2018-05-17 16:30:00,183.76
2018-05-18 16:30:00,182.68
2018-05-21 16:30:00,184.49
2018-05-22 16:30:00,183.8
2018-05-23 16:30:00,186.9
2018-05-24 16:30:00,185.93
2018-05-25 16:30:00,184.92
2018-05-29 16:30:00,185.74
2018-05-30 16:30:00,187.67
2018-05-31 16:30:00,191.78
2018-06-01 16:30:00,193.99
2018-06-04 16:30:00,193.28
2018-06-05 16:30:00,192.94
2018-06-06 16:30:00,191.34
2018-06-07 16:30:00,188.18
2018-06-08 16:30:00,189.1
2018-06-11 16:30:00,191.54
2018-06-12 16:30:00,192.4
2018-06-13 16:30:00,192.41
2018-06-14 16:30:00,196.81
2018-06-15 16:30:00,195.85
2018-06-18 16:30:00,198.31
2018-06-19 16:30:00,197.49
2018-06-20 16:30:00,202.0
2018-06-21 16:30:00,201.5
2018-06-22 16:30:00,201.74
2018-06-25 16:30:00,196.35
2018-06-26 16:30:00,199.0
2018-06-27 16:30:00,195.84
2018-06-28 16:30:00,196.23
2018-06-29 16:30:00,194.32
2018-07-02 16:30:00,197.36
2018-07-03 16:30:00,192.73
2018-07-05 16:30:00,198.45
2018-07-06 16:30:00,203.23
2018-07-09 16:30:00,204.74
2018-07-10 16:30:00,203.54
2018-07-11 16:30:00,202.54
2018-07-12 16:30:00,206.92
2018-07-13 16:30:00,207.32
2018-07-16 16:30:00,207.23
2018-07-17 16:30:00,209.99
2018-07-18 16:30:00,209.36
2018-07-19 16:30:00,208.09
2018-07-20 16:30:00,209.94
2018-07-23 16:30:00,210.91
2018-07-24 16:30:00,214.67
2018-07-25 16:30:00,217.5
2018-07-26 16:30:00,176.26
2018-07-27 16:30:00,174.89
2018-07-30 16:30:00,171.06
2018-07-31 16:30:00,172.58
2018-08-01 16:30:00,171.65
2018-08-02 16:30:00,176.37
2018-08-03 16:30:00,177.78
2018-08-06 16:30:00,185.69
2018-08-07 16:30:00,183.81
2018-08-08 16:30:00,185.18
2018-08-09 16:30:00,183.09
2018-08-10 16:30:00,180.26
2018-08-13 16:30:00,180.05
2018-08-14 16:30:00,181.11
2018-08-15 16:30:00,179.53
2018-08-16 16:30:00,174.7
2018-08-17 16:30:00,173.8
2018-08-20 16:30:00,172.5
2018-08-21 16:30:00,172.62
2018-08-22 16:30:00,173.64
2018-08-23 16:30:00,172.9
2018-08-24 16:30:00,174.645
2018-08-27 16:30:00,177.46
2018-08-28 16:30:00,176.26
2018-08-29 16:30:00,175.9
2018-08-30 16:30:00,177.64
2018-08-31 16:30:00,175.73
2018-09-04 16:30:00,171.16
2018-09-05 16:30:00,167.18
2018-09-06 16:30:00,162.53
2018-09-07 16:30:00,163.04
2018-09-10 16:30:00,164.18
2018-09-11 16:30:00,165.94
2018-09-12 16:30:00,162.0
2018-09-13 16:30:00,161.36
2018-09-14 16:30:00,162.32
2018-09-17 16:30:00,160.58
2018-09-18 16:30:00,160.3
2018-09-19 16:30:00,163.06
2018-09-20 16:30:00,166.02
2018-09-21 16:30:00,162.93
2018-09-24 16:30:00,165.41
2018-09-25 16:30:00,164.91
2018-09-26 16:30:00,166.95
2018-09-27 16:30:00,168.84
2018-09-28 16:30:00,164.46
2018-10-01 16:30:00,162.44
2018-10-02 16:30:00,159.33
2018-10-03 16:30:00,162.43
2018-10-04 16:30:00,158.85
2018-10-05 16:30:00,157.33
2018-10-08 16:30:00,157.25
2018-10-09 16:30:00,157.9
2018-10-10 16:30:00,151.38
2018-10-11 16:30:00,153.35
2018-10-12 16:30:00,153.74
2018-10-15 16:30:00,153.52
2018-10-16 16:30:00,158.78
2018-10-17 16:30:00,159.42
2018-10-18 16:30:00,154.92
2018-10-19 16:30:00,154.05
2018-10-22 16:30:00,154.78
2018-10-23 16:30:00,154.39
2018-10-24 16:30:00,146.04
2018-10-25 16:30:00,150.95
2018-10-26 16:30:00,145.37
2018-10-29 16:30:00,142.09
2018-10-30 16:30:00,146.22
2018-10-31 16:30:00,151.79
2018-11-01 16:30:00,151.75
2018-11-02 16:30:00,150.35
2018-11-05 17:30:00,148.68
2018-11-06 17:30:00,149.94
2018-11-07 17:30:00,151.53
2018-11-08 17:30:00,147.87
2018-11-09 17:30:00,144.96
2018-11-12 17:30:00,141.55
2018-11-13 17:30:00,142.16
2018-11-14 17:30:00,144.22
2018-11-15 17:30:00,143.85
2018-11-16 17:30:00,139.53
2018-11-19 17:30:00,131.55
2018-11-20 17:30:00,132.43
2018-11-21 17:30:00,134.82
2018-11-23 17:30:00,131.73
2018-11-26 17:30:00,136.38
2018-11-27 17:30:00,135.0
2018-11-28 17:30:00,136.76
2018-11-29 17:30:00,138.68
2018-11-30 17:30:00,140.61
2018-12-03 17:30:00,141.09
2018-12-04 17:30:00,137.93
2018-12-06 17:30:00,139.63
2018-12-07 17:30:00,137.42
2018-12-10 17:30:00,141.85
2018-12-11 17:30:00,142.08
2018-12-12 17:30:00,144.5
2018-12-13 17:30:00,145.01
2018-12-14 17:30:00,144.06
2018-12-17 17:30:00,140.19
2018-12-18 17:30:00,143.66
2018-12-19 17:30:00,133.24
2018-12-20 17:30:00,133.4
2018-12-21 17:30:00,124.95
2018-12-24 17:30:00,124.06
2018-12-26 17:30:00,134.18
2018-12-27 17:30:00,134.52
2018-12-28 17:30:00,133.2
2018-12-31 17:30:00,131.09
2019-01-02 17:30:00,135.68
2019-01-03 17:30:00,131.74
2019-01-04 17:30:00,137.95
2019-01-07 17:30:00,138.05
2019-01-08 17:30:00,142.53
2019-01-09 17:30:00,144.23
2019-01-10 17:30:00,144.2
2019-01-11 17:30:00,143.8
2019-01-14 17:30:00,145.39
2019-01-15 17:30:00,148.95
2019-01-16 17:30:00,147.54
2019-01-17 17:30:00,148.3
2019-01-18 17:30:00,150.04
2019-01-22 17:30:00,147.57
2019-01-23 17:30:00,144.3
2019-01-24 17:30:00,145.83
2019-01-25 17:30:00,149.01
2019-01-28 17:30:00,147.47
2019-01-29 17:30:00,144.19
2019-01-30 17:30:00,150.42
2019-01-31 17:30:00,166.69
2019-02-01 17:30:00,165.71
2019-02-04 17:30:00,169.25
2019-02-05 17:30:00,171.16
2019-02-06 17:30:00,170.49
2019-02-07 17:30:00,166.38
2019-02-08 17:30:00,167.33
2019-02-11 17:30:00,165.79
2019-02-12 17:30:00,165.04
2019-02-13 17:30:00,164.07
2019-02-14 17:30:00,163.95
2019-02-15 17:30:00,162.5
2019-02-19 17:30:00,162.29
2019-02-20 17:30:00,162.56
2019-02-21 17:30:00,160.04
2019-02-22 17:30:00,161.89
2019-02-25 17:30:00,164.62
2019-02-26 17:30:00,164.13
2019-02-27 17:30:00,162.81
2019-02-28 17:30:00,161.45
2019-03-01 17:30:00,162.28
2019-03-04 17:30:00,167.37
2019-03-05 17:30:00,171.26
2019-03-06 17:30:00,172.51
2019-03-07 17:30:00,169.13
2019-03-08 17:30:00,169.6
2019-03-11 16:30:00,172.07
2019-03-12 16:30:00,171.92
2019-03-13 16:30:00,173.37
2019-03-14 16:30:00,170.17
2019-03-15 16:30:00,165.98
2019-03-18 16:30:00,160.47
2019-03-19 16:30:00,161.57
2019-03-20 16:30:00,165.44
2019-03-21 16:30:00,166.08
2019-03-22 16:30:00,164.34
2019-03-25 16:30:00,166.29
2019-03-26 16:30:00,167.68
2019-03-27 16:30:00,165.87
2019-03-28 16:30:00,165.55
2019-03-29 16:30:00,166.69
2019-04-01 16:30:00,168.7
2019-04-02 16:30:00,174.2
2019-04-03 16:30:00,173.54
2019-04-04 16:30:00,176.02
2019-04-05 16:30:00,175.72
2019-04-08 16:30:00,174.93
2019-04-09 16:30:00,177.58
2019-04-10 16:30:00,177.82
2019-04-11 16:30:00,177.51
2019-04-12 16:30:00,179.1
2019-04-15 16:30:00,179.65
2019-04-16 16:30:00,178.87
2019-04-17 16:30:00,178.78
2019-04-18 16:30:00,178.28
2019-04-22 16:30:00,181.44
2019-04-23 16:30:00,183.78
2019-04-24 16:30:00,182.58
2019-04-25 16:30:00,193.26
2019-04-26 16:30:00,191.49
2019-04-29 16:30:00,194.78
2019-04-30 16:30:00,193.4
2019-05-01 16:30:00,193.03
2019-05-02 16:30:00,192.53
2019-05-03 16:30:00,195.47
2019-05-06 16:30:00,193.88
2019-05-07 16:30:00,189.77
2019-05-08 16:30:00,189.54
2019-05-09 16:30:00,188.65
2019-05-10 16:30:00,188.34
2019-05-13 16:30:00,181.54
2019-05-14 16:30:00,180.73
2019-05-15 16:30:00,186.27
2019-05-16 16:30:00,186.99
2019-05-17 16:30:00,185.3
2019-05-20 16:30:00,182.72
2019-05-21 16:30:00,184.82
2019-05-22 16:30:00,185.32
2019-05-23 16:30:00,180.87
2019-05-24 16:30:00,181.06
2019-05-28 16:30:00,184.31
2019-05-29 16:30:00,182.19
2019-05-30 16:30:00,183.01
2019-05-31 16:30:00,177.47
2019-06-03 16:30:00,164.15
2019-06-04 16:30:00,167.5
2019-06-05 16:30:00,168.17
2019-06-06 16:30:00,168.33
2019-06-07 16:30:00,173.35
2019-06-10 16:30:00,174.82
2019-06-11 16:30:00,178.1
2019-06-12 16:30:00,175.04
2019-06-13 16:30:00,177.47
2019-06-14 16:30:00,181.33
2019-06-17 16:30:00,189.01
2019-06-18 16:30:00,188.47
2019-06-19 16:30:00,187.48
2019-06-20 16:30:00,189.53
2019-06-21 16:30:00,191.14
2019-06-24 16:30:00,192.6
2019-06-25 16:30:00,188.84
2019-06-26 16:30:00,187.66
2019-06-27 16:30:00,189.5
2019-06-28 16:30:00,193.0
2019-07-01 16:30:00,193.0
2019-07-02 16:30:00,195.0
2019-07-03 16:30:00,197.2
2019-07-05 16:30:00,196.4
2019-07-08 16:30:00,195.76
2019-07-09 16:30:00,199.21
2019-07-10 16:30:00,202.73
2019-07-11 16:30:00,201.23
2019-07-12 16:30:00,204.87
2019-07-15 16:30:00,203.91
2019-07-16 16:30:00,203.84
2019-07-17 16:30:00,201.8
2019-07-18 16:30:00,200.78
2019-07-19 16:30:00,198.36
2019-07-22 16:30:00,202.32
2019-07-23 16:30:00,202.36
2019-07-24 16:30:00,204.66
2019-07-25 16:30:00,200.71
2019-07-26 16:30:00,199.75
2019-07-29 16:30:00,195.94
2019-07-30 16:30:00,197.04
2019-07-31 16:30:00,194.23
2019-08-01 16:30:00,192.73
2019-08-02 16:30:00,189.02
2019-08-05 16:30:00,181.73
2019-08-06 16:30:00,184.51
2019-08-07 16:30:00,185.15
2019-08-08 16:30:00,190.16
2019-08-09 16:30:00,187.85
2019-08-12 16:30:00,185.37
2019-08-13 16:30:00,188.45
2019-08-14 16:30:00,179.71
2019-08-15 16:30:00,182.59
2019-08-16 16:30:00,183.7
2019-08-19 16:30:00,186.17
2019-08-20 16:30:00,183.81
2019-08-21 16:30:00,183.55
2019-08-22 16:30:00,182.04
2019-08-23 16:30:00,177.75
2019-08-26 16:30:00,180.36
2019-08-27 16:30:00,181.3
2019-08-28 16:30:00,181.76
2019-08-29 16:30:00,185.57
2019-08-30 16:30:00,185.67
2019-09-03 16:30:00,182.39
2019-09-04 16:30:00,187.14
2019-09-05 16:30:00,190.9
2019-09-06 16:30:00,187.49
2019-09-09 16:30:00,188.76
2019-09-10 16:30:00,186.17
2019-09-11 16:30:00,188.49
2019-09-12 16:30:00,187.47
2019-09-13 16:30:00,187.19
2019-09-16 16:30:00,186.22
2019-09-17 16:30:00,188.08
2019-09-18 16:30:00,188.14
2019-09-19 16:30:00,190.14
2019-09-20 16:30:00,189.93
2019-09-23 16:30:00,186.82
2019-09-24 16:30:00,181.28
2019-09-25 16:30:00,182.8
2019-09-26 16:30:00,180.11
2019-09-27 16:30:00,177.1
2019-09-30 16:30:00,178.08
2019-10-01 16:30:00,175.81
2019-10-02 16:30:00,174.6
2019-10-03 16:30:00,179.38
2019-10-04 16:30:00,180.45
2019-10-07 16:30:00,179.68
2019-10-08 16:30:00,177.75
2019-10-09 16:30:00,179.85
2019-10-10 16:30:00,180.03
2019-10-11 16:30:00,184.19
2019-10-14 16:30:00,183.28
2019-10-15 16:30:00,188.89
2019-10-16 16:30:00,189.55
2019-10-17 16:30:00,190.39
2019-10-18 16:30:00,185.85
2019-10-21 16:30:00,189.76
2019-10-22 16:30:00,182.34
2019-10-23 16:30:00,186.15
2019-10-24 16:30:00,186.38
2019-10-25 16:30:00,187.89
2019-10-28 16:30:00,189.4
2019-10-29 16:30:00,189.31
2019-10-30 16:30:00,188.25
2019-10-31 16:30:00,191.65
2019-11-01 16:30:00,193.62
2019-11-04 17:30:00,194.72
2019-11-05 17:30:00,194.32
2019-11-06 17:30:00,191.55
2019-11-07 17:30:00,190.42
2019-11-08 17:30:00,190.84
2019-11-11 17:30:00,189.61
2019-11-12 17:30:00,194.47
2019-11-13 17:30:00,193.19
2019-11-14 17:30:00,193.15
2019-11-15 17:30:00,195.1
2019-11-18 17:30:00,197.4
2019-11-19 17:30:00,199.32
2019-11-20 17:30:00,197.51
2019-11-21 17:30:00,197.93
2019-11-22 17:30:00,198.82
2019-11-25 17:30:00,199.79
2019-11-26 17:30:00,198.97
2019-11-27 17:30:00,202.0
2019-11-29 17:30:00,201.64
2019-12-02 17:30:00,199.7
2019-12-03 17:30:00,198.82
2019-12-04 17:30:00,198.71
2019-12-05 17:30:00,199.36
2019-12-06 17:30:00,201.05
2019-12-09 17:30:00,201.34
2019-12-10 17:30:00,200.87
2019-12-11 17:30:00,202.26
2019-12-12 17:30:00,196.75
2019-12-13 17:30:00,194.11
2019-12-16 17:30:00,197.92
2019-12-17 17:30:00,198.39
2019-12-18 17:30:00,202.5
2019-12-19 17:30:00,206.06
2019-12-20 17:30:00,206.3
2019-12-23 17:30:00,206.18
2019-12-24 17:30:00,205.12
2019-12-26 17:30:00,207.79
2019-12-27 17:30:00,208.1
2019-12-30 17:30:00,204.41
2019-12-31 17:30:00,205.25
2020-01-02 17:30:00,209.78
2020-01-03 17:30:00,208.67
2020-01-06 17:30:00,212.6
2020-01-07 17:30:00,213.06
2020-01-08 17:30:00,215.22
2020-01-09 17:30:00,218.3
2020-01-10 17:30:00,218.06
2020-01-13 17:30:00,221.91
2020-01-14 17:30:00,219.06
2020-01-15 17:30:00,221.15
2020-01-16 17:30:00,221.77
2020-01-17 17:30:00,222.14
2020-01-21 17:30:00,221.44
2020-01-22 17:30:00,221.32
2020-01-23 17:30:00,219.76
2020-01-24 17:30:00,217.94
2020-01-27 17:30:00,214.87
2020-01-28 17:30:00,217.79
2020-01-29 17:30:00,223.23
2020-01-30 17:30:00,209.53
2020-01-31 17:30:00,201.91
2020-02-03 17:30:00,204.19
2020-02-04 17:30:00,209.83
2020-02-05 17:30:00,210.11
2020-02-06 17:30:00,210.85
2020-02-07 17:30:00,212.33
2020-02-10 17:30:00,213.06
2020-02-11 17:30:00,207.19
2020-02-12 17:30:00,210.76
2020-02-13 17:30:00,213.14
2020-02-14 17:30:00,214.18
2020-02-18 17:30:00,217.8
2020-02-19 17:30:00,217.49
2020-02-20 17:30:00,214.58
2020-02-21 17:30:00,210.18
2020-02-24 17:30:00,200.72
2020-02-25 17:30:00,196.77
2020-02-26 17:30:00,197.2
2020-02-27 17:30:00,189.75
2020-02-28 17:30:00,192.47
2020-03-02 17:30:00,196.44
2020-03-03 17:30:00,185.89
2020-03-04 17:30:00,191.76
2020-03-05 17:30:00,185.17
2020-03-06 17:30:00,181.09
2020-03-09 16:30:00,169.5
2020-03-10 16:30:00,178.19
2020-03-11 16:30:00,170.24
2020-03-12 16:30:00,154.47
2020-03-13 16:30:00,170.28
2020-03-16 16:30:00,146.01
2020-03-17 16:30:00,149.42
2020-03-18 16:30:00,146.96
2020-03-19 16:30:00,153.13
2020-03-20 16:30:00,149.73
2020-03-23 16:30:00,148.1
2020-03-24 16:30:00,160.98
2020-03-25 16:30:00,156.21
2020-03-26 16:30:00,163.34
2020-03-27 16:30:00,156.79
2020-03-30 16:30:00,165.95
2020-03-31 16:30:00,166.8
2020-04-01 16:30:00,159.6
2020-04-02 16:30:00,158.19
2020-04-03 16:30:00,154.18
2020-04-06 16:30:00,165.55
2020-04-07 16:30:00,168.83
2020-04-08 16:30:00,174.28
2020-04-09 16:30:00,175.19
2020-04-13 16:30:00,174.79
2020-04-14 16:30:00,178.17
2020-04-15 16:30:00,176.97
2020-04-16 16:30:00,176.25
2020-04-17 16:30:00,179.24
2020-04-20 16:30:00,178.24
2020-04-21 16:30:00,170.8
2020-04-22 16:30:00,182.28
2020-04-23 16:30:00,185.13
2020-04-24 16:30:00,190.07
2020-04-27 16:30:00,187.5
2020-04-28 16:30:00,182.91
2020-04-29 16:30:00,194.19
2020-04-30 16:30:00,204.71
2020-05-01 16:30:00,202.27
2020-05-04 16:30:00,205.26
2020-05-05 16:30:00,207.07
2020-05-06 16:30:00,208.47
2020-05-07 16:30:00,211.26
2020-05-08 16:30:00,212.35
2020-05-11 16:30:00,213.18
2020-05-12 16:30:00,210.1
2020-05-13 16:30:00,205.1
2020-05-14 16:30:00,206.81
2020-05-15 16:30:00,210.88
2020-05-18 16:30:00,213.19
2020-05-19 16:30:00,216.88
2020-05-20 16:30:00,229.97
2020-05-21 16:30:00,231.39
2020-05-22 16:30:00,234.91
2020-05-26 16:30:00,232.2
2020-05-27 16:30:00,229.14
2020-05-28 16:30:00,225.46
2020-05-29 16:30:00,225.09
2020-06-01 16:30:00,231.91
2020-06-02 16:30:00,232.72
2020-06-03 16:30:00,230.16
2020-06-04 16:30:00,226.29
2020-06-05 16:30:00,230.77
2020-06-08 16:30:00,231.4
2020-06-09 16:30:00,238.67
2020-06-10 16:30:00,236.73
2020-06-11 16:30:00,224.43
2020-06-12 16:30:00,228.58
2020-06-15 16:30:00,232.5
2020-06-16 16:30:00,235.65
2020-06-17 16:30:00,235.53
2020-06-18 16:30:00,235.94
2020-06-19 16:30:00,238.79
2020-06-22 16:30:00,239.22
2020-06-23 16:30:00,242.24
2020-06-24 16:30:00,234.02
2020-06-25 16:30:00,235.68
2020-06-26 16:30:00,216.08
2020-06-29 16:30:00,220.64
2020-06-30 16:30:00,227.07
2020-07-01 16:30:00,237.55
2020-07-02 16:30:00,233.42
2020-07-06 16:30:00,240.28
2020-07-07 16:30:00,240.86
2020-07-08 16:30:00,243.58
2020-07-09 16:30:00,244.5
2020-07-10 16:30:00,245.07
2020-07-13 16:30:00,239.0
2020-07-14 16:30:00,239.73
2020-07-15 16:30:00,240.28
2020-07-16 16:30:00,240.93
2020-07-17 16:30:00,242.03
2020-07-20 16:30:00,245.42
2020-07-21 16:30:00,241.75
2020-07-22 16:30:00,239.87
2020-07-23 16:30:00,232.6
2020-07-24 16:30:00,230.71
2020-07-27 16:30:00,233.5
2020-07-28 16:30:00,230.12
2020-07-29 16:30:00,233.29
2020-07-30 16:30:00,234.5
2020-07-31 16:30:00,253.67
2020-08-03 16:30:00,251.96
2020-08-04 16:30:00,249.83
2020-08-05 16:30:00,249.12
2020-08-06 16:30:00,265.28
2020-08-07 16:30:00,268.44
2020-08-10 16:30:00,263.0
2020-08-11 16:30:00,256.13
2020-08-12 16:30:00,259.89
2020-08-13 16:30:00,261.3
2020-08-14 16:30:00,261.24
2020-08-17 16:30:00,261.16
2020-08-18 16:30:00,262.34
2020-08-19 16:30:00,262.59
2020-08-20 16:30:00,269.01
2020-08-21 16:30:00,267.01
2020-08-24 16:30:00,271.39
2020-08-25 16:30:00,280.82
2020-08-26 16:30:00,303.91
2020-08-27 16:30:00,293.22
2020-08-28 16:30:00,293.66
2020-08-31 16:30:00,293.2
2020-09-01 16:30:00,295.44
2020-09-02 16:30:00,302.5
2020-09-03 16:30:00,291.12
2020-09-04 16:30:00,282.73
2020-09-08 16:30:00,271.16
2020-09-09 16:30:00,273.72
2020-09-10 16:30:00,268.09
2020-09-11 16:30:00,266.61
2020-09-14 16:30:00,266.15
2020-09-15 16:30:00,272.42
2020-09-16 16:30:00,263.52
2020-09-17 16:30:00,254.82
2020-09-18 16:30:00,252.53
2020-09-21 16:30:00,248.15
2020-09-22 16:30:00,254.75
2020-09-23 16:30:00,249.02
2020-09-24 16:30:00,249.53
2020-09-25 16:30:00,254.82
2020-09-28 16:30:00,256.82
2020-09-29 16:30:00,261.79
2020-09-30 16:30:00,261.9
2020-10-01 16:30:00,266.63
2020-10-02 16:30:00,259.94
2020-10-05 16:30:00,264.65
2020-10-06 16:30:00,258.66
2020-10-07 16:30:00,258.12
2020-10-08 16:30:00,263.76
2020-10-09 16:30:00,264.45
2020-10-12 16:30:00,275.75
2020-10-13 16:30:00,276.14
2020-10-14 16:30:00,271.82
2020-10-15 16:30:00,266.72
2020-10-16 16:30:00,265.93
2020-10-19 16:30:00,261.4
2020-10-20 16:30:00,267.56
2020-10-21 16:30:00,278.73
2020-10-22 16:30:00,278.12
2020-10-23 16:30:00,284.79
2020-10-26 16:30:00,277.11
2020-10-27 16:30:00,283.29
2020-10-28 16:30:00,267.67
2020-10-29 16:30:00,280.83
2020-10-30 16:30:00,263.11
2020-11-02 17:30:00,261.36
2020-11-03 17:30:00,265.3
2020-11-04 17:30:00,287.38
2020-11-05 17:30:00,294.68
2020-11-06 17:30:00,293.41
2020-11-09 17:30:00,278.77
2020-11-10 17:30:00,272.43
2020-11-11 17:30:00,276.48
2020-11-12 17:30:00,275.08
2020-11-13 17:30:00,276.95
2020-11-16 17:30:00,278.96
2020-11-17 17:30:00,275.0
2020-11-18 17:30:00,271.97
2020-11-19 17:30:00,272.94
2020-11-20 17:30:00,269.7
2020-11-23 17:30:00,268.43
2020-11-24 17:30:00,276.92
2020-11-25 17:30:00,275.59
2020-11-27 17:30:00,277.81
2020-11-30 17:30:00,276.97
2020-12-01 17:30:00,286.55
2020-12-02 17:30:00,287.52
2020-12-03 17:30:00,281.85
2020-12-04 17:30:00,279.7
2020-12-07 17:30:00,285.58
2020-12-08 17:30:00,283.4
2020-12-09 17:30:00,277.92
2020-12-10 17:30:00,277.12
2020-12-11 17:30:00,273.55
2020-12-14 17:30:00,274.19
2020-12-15 17:30:00,275.55
2020-12-16 17:30:00,275.67
2020-12-17 17:30:00,274.48
2020-12-18 17:30:00,276.4
2020-12-21 17:30:00,272.79
2020-12-22 17:30:00,267.09
2020-12-23 17:30:00,268.11
2020-12-24 17:30:00,267.4
2020-12-28 17:30:00,277.0
2020-12-29 17:30:00,276.78
2020-12-30 17:30:00,271.87
2020-12-31 17:30:00,273.16
2021-01-04 17:30:00,268.94
2021-01-05 17:30:00,270.97
2021-01-06 17:30:00,263.31
2021-01-07 17:30:00,268.74
2021-01-08 17:30:00,267.57
2021-01-11 17:30:00,256.84
2021-01-12 17:30:00,251.09
2021-01-13 17:30:00,251.64
2021-01-14 17:30:00,245.64
2021-01-15 17:30:00,251.36
2021-01-19 17:30:00,261.1
2021-01-20 17:30:00,267.48
2021-01-21 17:30:00,272.87
2021-01-22 17:30:00,274.5
2021-01-25 17:30:00,278.01
2021-01-26 17:30:00,282.05
2021-01-27 17:30:00,272.14
2021-01-28 17:30:00,265.0
2021-01-29 17:30:00,258.33
2021-02-01 17:30:00,262.01
2021-02-02 17:30:00,267.08
2021-02-03 17:30:00,266.65
2021-02-04 17:30:00,266.49
2021-02-05 17:30:00,268.1
2021-02-08 17:30:00,266.58
2021-02-09 17:30:00,269.45
2021-02-10 17:30:00,271.87
2021-02-11 17:30:00,270.39
2021-02-12 17:30:00,270.5
2021-02-16 17:30:00,273.97
2021-02-17 17:30:00,273.57
2021-02-18 17:30:00,269.39
2021-02-19 17:30:00,261.56
2021-02-22 17:30:00,260.33
2021-02-23 17:30:00,265.855
2021-02-24 17:30:00,264.31
2021-02-25 17:30:00,254.69
2021-02-26 17:30:00,257.62
2021-03-01 17:30:00,264.91
2021-03-02 17:30:00,259.0
2021-03-03 17:30:00,255.41
2021-03-04 17:30:00,257.64
2021-03-05 17:30:00,264.28
2021-03-08 17:30:00,255.31
2021-03-09 17:30:00,265.74
2021-03-10 17:30:00,264.9
2021-03-11 17:30:00,273.88
2021-03-12 17:30:00,268.4
2021-03-15 16:30:00,273.75
2021-03-16 16:30:00,279.28
2021-03-17 16:30:00,284.01
2021-03-18 16:30:00,278.62
2021-03-19 16:30:00,290.11
2021-03-22 16:30:00,293.54
2021-03-23 16:30:00,290.63
2021-03-24 16:30:00,282.14
2021-03-25 16:30:00,278.74
2021-03-26 16:30:00,283.02
2021-03-29 16:30:00,290.82
2021-03-30 16:30:00,288.0
2021-03-31 16:30:00,294.53
2021-04-01 16:30:00,298.66
2021-04-05 16:30:00,308.91
2021-04-06 16:30:00,306.26
2021-04-07 16:30:00,313.09
2021-04-08 16:30:00,313.02
2021-04-09 16:30:00,312.46
2021-04-12 16:30:00,311.54
2021-04-13 16:30:00,309.76
2021-04-14 16:30:00,302.82
2021-04-15 16:30:00,307.82
2021-04-16 16:30:00,306.18
2021-04-19 16:30:00,302.24
2021-04-20 16:30:00,302.65
2021-04-21 16:30:00,301.47
2021-04-22 16:30:00,296.52
2021-04-23 16:30:00,301.13
2021-04-26 16:30:00,303.04
2021-04-27 16:30:00,303.57
2021-04-28 16:30:00,307.1
2021-04-29 16:30:00,329.51
2021-04-30 16:30:00,325.08
2021-05-03 16:30:00,322.58
2021-05-04 16:30:00,318.36
2021-05-05 16:30:00,315.02
2021-05-06 16:30:00,320.02
2021-05-07 16:30:00,319.08
2021-05-10 16:30:00,305.97
2021-05-11 16:30:00,306.53
2021-05-12 16:30:00,302.55
2021-05-13 16:30:00,305.26
2021-05-14 16:30:00,315.94
2021-05-17 16:30:00,315.46
2021-05-18 16:30:00,309.96
2021-05-19 16:30:00,313.59
2021-05-20 16:30:00,318.61
2021-05-21 16:30:00,316.23
2021-05-24 16:30:00,324.63
2021-05-25 16:30:00,327.79
2021-05-26 16:30:00,327.66
2021-05-27 16:30:00,332.75
2021-05-28 16:30:00,328.73
2021-06-01 16:30:00,329.13
2021-06-02 16:30:00,329.15
2021-06-03 16:30:00,326.04
2021-06-04 16:30:00,330.35
2021-06-07 16:30:00,336.58
2021-06-08 16:30:00,333.68
2021-06-09 16:30:00,330.25
2021-06-10 16:30:00,332.46
2021-06-11 16:30:00,331.26
2021-06-14 16:30:00,336.77
2021-06-15 16:30:00,336.75
2021-06-16 16:30:00,331.08
2021-06-17 16:30:00,336.51
2021-06-18 16:30:00,329.66
2021-06-21 16:30:00,332.29
2021-06-22 16:30:00,339.03
2021-06-23 16:30:00,340.59
2021-06-24 16:30:00,343.18
2021-06-25 16:30:00,341.37
2021-06-28 16:30:00,355.64
2021-06-29 16:30:00,351.89
2021-06-30 16:30:00,347.71
2021-07-01 16:30:00,354.39
2021-07-02 16:30:00,354.7
2021-07-06 16:30:00,352.78
2021-07-07 16:30:00,350.49
2021-07-08 16:30:00,345.65
2021-07-09 16:30:00,350.42
2021-07-12 16:30:00,353.16
2021-07-13 16:30:00,352.09
2021-07-14 16:30:00,347.63
2021-07-15 16:30:00,344.46
2021-07-16 16:30:00,341.16
2021-07-19 16:30:00,336.95
2021-07-20 16:30:00,341.66
2021-07-21 16:30:00,346.23
2021-07-22 16:30:00,351.19
2021-07-23 16:30:00,369.79
2021-07-26 16:30:00,372.46
2021-07-27 16:30:00,367.81
2021-07-28 16:30:00,373.28
2021-07-29 16:30:00,358.32
2021-07-30 16:30:00,356.3
2021-08-02 16:30:00,351.95
2021-08-03 16:30:00,351.24
2021-08-04 16:30:00,358.92
2021-08-05 16:30:00,362.97
2021-08-06 16:30:00,363.51
2021-08-09 16:30:00,361.61
2021-08-10 16:30:00,361.13
2021-08-11 16:30:00,359.96
2021-08-12 16:30:00,362.65
2021-08-13 16:30:00,363.18
2021-08-16 16:30:00,366.56
2021-08-17 16:30:00,358.45
2021-08-18 16:30:00,355.45
2021-08-19 16:30:00,355.12
2021-08-20 16:30:00,359.37
2021-08-23 16:30:00,363.35
2021-08-24 16:30:00,365.51
2021-08-25 16:30:00,368.39
2021-08-26 16:30:00,364.38
2021-08-27 16:30:00,372.63
2021-08-30 16:30:00,380.66
2021-08-31 16:30:00,379.38
2021-09-01 16:30:00,382.05
2021-09-02 16:30:00,375.28
2021-09-03 16:30:00,376.26
2021-09-07 16:30:00,382.18
2021-09-08 16:30:00,377.57
2021-09-09 16:30:00,378.0
2021-09-10 16:30:00,378.69
2021-09-13 16:30:00,376.51
2021-09-14 16:30:00,376.53
2021-09-15 16:30:00,373.92
2021-09-16 16:30:00,373.06
2021-09-17 16:30:00,364.72
2021-09-20 16:30:00,355.7
2021-09-21 16:30:00,357.48
2021-09-22 16:30:00,343.21
2021-09-23 16:30:00,345.96
2021-09-24 16:30:00,352.96
2021-09-27 16:30:00,353.58
2021-09-28 16:30:00,340.65
2021-09-29 16:30:00,339.61
2021-09-30 16:30:00,339.39
2021-10-01 16:30:00,343.01
2021-10-04 16:30:00,326.23
2021-10-05 16:30:00,332.96
2021-10-06 16:30:00,333.64
2021-10-07 16:30:00,329.22
2021-10-08 16:30:00,330.05
2021-10-11 16:30:00,325.45
2021-10-12 16:30:00,323.77
2021-10-13 16:30:00,324.54
2021-10-14 16:30:00,328.53
2021-10-15 16:30:00,324.76
2021-10-18 16:30:00,335.34
2021-10-19 16:30:00,339.99
2021-10-20 16:30:00,340.78
2021-10-21 16:30:00,341.88
2021-10-22 16:30:00,324.61
2021-10-25 16:30:00,328.69
2021-10-26 16:30:00,315.81
2021-10-27 16:30:00,312.22
2021-10-28 16:30:00,316.92
2021-10-29 16:30:00,323.57
2021-11-01 16:30:00,329.98
2021-11-02 16:30:00,328.08
2021-11-03 16:30:00,331.62
2021-11-04 16:30:00,335.85
2021-11-05 16:30:00,341.13
2021-11-08 17:30:00,338.62
2021-11-09 17:30:00,335.37
2021-11-10 17:30:00,327.64
2021-11-11 17:30:00,327.74
2021-11-12 17:30:00,340.89
2021-11-15 17:30:00,347.56
2021-11-16 17:30:00,342.96
2021-11-17 17:30:00,340.77
2021-11-18 17:30:00,338.69
2021-11-19 17:30:00,345.3
2021-11-22 17:30:00,341.01
2021-11-23 17:30:00,337.25
2021-11-24 17:30:00,341.06
2021-11-26 17:30:00,333.12
2021-11-29 17:30:00,338.03
2021-11-30 17:30:00,324.46
2021-12-01 17:30:00,310.6
2021-12-02 17:30:00,310.39
2021-12-03 17:30:00,306.84
2021-12-06 17:30:00,317.87
2021-12-07 17:30:00,322.81
2021-12-08 17:30:00,330.56
2021-12-09 17:30:00,329.82
2021-12-10 17:30:00,329.75
2021-12-13 17:30:00,334.49
2021-12-14 17:30:00,333.74
2021-12-15 17:30:00,341.66
2021-12-16 17:30:00,334.9
2021-12-17 17:30:00,333.79
2021-12-20 17:30:00,325.45
2021-12-21 17:30:00,334.2
2021-12-22 17:30:00,330.45
2021-12-23 17:30:00,335.24
2021-12-27 17:30:00,346.18
2021-12-28 17:30:00,346.22
2021-12-29 17:30:00,342.94
2021-12-30 17:30:00,344.36
2021-12-31 17:30:00,336.35
2022-01-03 17:30:00,338.54
2022-01-04 17:30:00,336.53
2022-01-05 17:30:00,324.17
2022-01-06 17:30:00,332.46
2022-01-07 17:30:00,331.79
2022-01-10 17:30:00,328.07
2022-01-11 17:30:00,334.37
2022-01-12 17:30:00,333.26
2022-01-13 17:30:00,326.48
2022-01-14 17:30:00,331.9
2022-01-18 17:30:00,318.15
2022-01-19 17:30:00,319.59
2022-01-20 17:30:00,316.56
2022-01-21 17:30:00,303.17
2022-01-24 17:30:00,308.71
2022-01-25 17:30:00,300.15
2022-01-26 17:30:00,294.63
2022-01-27 17:30:00,294.64
2022-01-28 17:30:00,301.71
2022-01-31 17:30:00,313.26
2022-02-01 17:30:00,319.0
2022-02-02 17:30:00,323.0
2022-02-03 17:30:00,237.76
2022-02-04 17:30:00,237.09
2022-02-07 17:30:00,224.91
2022-02-08 17:30:00,220.18
2022-02-09 17:30:00,232.0
2022-02-10 17:30:00,228.07
2022-02-11 17:30:00,219.55
2022-02-14 17:30:00,217.7
2022-02-15 17:30:00,221.0
2022-02-16 17:30:00,216.54
2022-02-17 17:30:00,207.71
2022-02-18 17:30:00,206.16
2022-02-22 17:30:00,202.08
2022-02-23 17:30:00,198.45
2022-02-24 17:30:00,207.6
2022-02-25 17:30:00,210.48
2022-02-28 17:30:00,211.03
2022-03-01 17:30:00,203.49
2022-03-02 17:30:00,208.11
2022-03-03 17:30:00,202.97
2022-03-04 17:30:00,200.06
2022-03-07 17:30:00,187.47
2022-03-08 17:30:00,190.29
2022-03-09 17:30:00,198.5
2022-03-10 17:30:00,195.21
2022-03-11 17:30:00,187.61
2022-03-14 16:30:00,186.63
2022-03-15 16:30:00,192.03
2022-03-16 16:30:00,203.63
2022-03-17 16:30:00,207.84
2022-03-18 16:30:00,216.49
2022-03-21 16:30:00,211.49
2022-03-22 16:30:00,216.65
2022-03-23 16:30:00,213.46
2022-03-24 16:30:00,219.57
2022-03-25 16:30:00,221.82
2022-03-28 16:30:00,223.59
2022-03-29 16:30:00,229.86
2022-03-30 16:30:00,227.85
2022-03-31 16:30:00,222.36
2022-04-01 16:30:00,224.85
2022-04-04 16:30:00,233.89
2022-04-05 16:30:00,231.84
2022-04-06 16:30:00,223.3
2022-04-07 16:30:00,222.95
2022-04-08 16:30:00,222.33
2022-04-11 16:30:00,216.46
2022-04-12 16:30:00,214.14
2022-04-13 16:30:00,214.99
2022-04-14 16:30:00,210.18
2022-04-18 16:30:00,210.77
2022-04-19 16:30:00,217.31
2022-04-20 16:30:00,200.42
2022-04-21 16:30:00,188.07
2022-04-22 16:30:00,184.11
2022-04-25 16:30:00,186.99
2022-04-26 16:30:00,180.95
2022-04-27 16:30:00,174.95
2022-04-28 16:30:00,205.73
2022-04-29 16:30:00,200.47
2022-05-02 16:30:00,211.13
2022-05-03 16:30:00,212.03
2022-05-04 16:30:00,223.41
2022-05-05 16:30:00,208.28
2022-05-06 16:30:00,203.77
2022-05-09 16:30:00,196.21
2022-05-10 16:30:00,197.65
2022-05-11 16:30:00,188.74
2022-05-12 16:30:00,191.24
2022-05-13 16:30:00,198.62
2022-05-16 16:30:00,200.04
2022-05-17 16:30:00,202.62
2022-05-18 16:30:00,192.24
2022-05-19 16:30:00,191.29
2022-05-20 16:30:00,193.54
2022-05-23 16:30:00,196.23
2022-05-24 16:30:00,181.28
2022-05-25 16:30:00,183.83
2022-05-26 16:30:00,191.63
2022-05-27 16:30:00,195.13
2022-05-31 16:30:00,193.64
2022-06-01 16:30:00,188.64
2022-06-02 16:30:00,198.86
2022-06-03 16:30:00,190.78
2022-06-06 16:30:00,194.25
2022-06-07 16:30:00,195.65
2022-06-08 16:30:00,196.64
2022-06-09 16:30:00,184.0
2022-06-10 16:30:00,175.57
2022-06-13 16:30:00,164.26
2022-06-14 16:30:00,163.73
2022-06-15 16:30:00,169.35
2022-06-16 16:30:00,160.87
2022-06-17 16:30:00,163.74
2022-06-21 16:30:00,157.05
2022-06-22 16:30:00,155.85
2022-06-23 16:30:00,158.75
2022-06-24 16:30:00,170.16
2022-06-27 16:30:00,169.49
2022-06-28 16:30:00,160.68
2022-06-29 16:30:00,163.94
2022-06-30 16:30:00,161.25
2022-07-01 16:30:00,160.03
2022-07-05 16:30:00,168.19
2022-07-06 16:30:00,169.77
2022-07-07 16:30:00,172.19
2022-07-08 16:30:00,170.88
2022-07-11 16:30:00,162.88
2022-07-12 16:30:00,163.27
2022-07-13 16:30:00,163.49
2022-07-14 16:30:00,158.05
2022-07-15 16:30:00,164.7
2022-07-18 16:30:00,167.23
2022-07-19 16:30:00,175.78
2022-07-20 16:30:00,183.09
2022-07-21 16:30:00,183.17
2022-07-22 16:30:00,169.27
2022-07-25 16:30:00,166.65
2022-07-26 16:30:00,159.15
2022-07-27 16:30:00,169.58
2022-07-28 16:30:00,160.72
2022-07-29 16:30:00,159.1
2022-08-01 16:30:00,159.93
2022-08-02 16:30:00,160.19
2022-08-03 16:30:00,168.8
2022-08-04 16:30:00,170.57
2022-08-05 16:30:00,167.11
2022-08-08 16:30:00,170.25
2022-08-09 16:30:00,168.53
2022-08-10 16:30:00,178.34
2022-08-11 16:30:00,177.49
2022-08-12 16:30:00,180.5
2022-08-15 16:30:00,180.89
2022-08-16 16:30:00,179.47
2022-08-17 16:30:00,174.85
2022-08-18 16:30:00,174.66
2022-08-19 16:30:00,167.96
2022-08-22 16:30:00,163.05
2022-08-23 16:30:00,161.11
2022-08-24 16:30:00,163.26
2022-08-25 16:30:00,168.78
2022-08-26 16:30:00,161.78
2022-08-29 16:30:00,159.17
2022-08-30 16:30:00,157.16
2022-08-31 16:30:00,162.93
2022-09-01 16:30:00,165.36
2022-09-02 16:30:00,160.32
2022-09-06 16:30:00,158.54
2022-09-07 16:30:00,160.39
2022-09-08 16:30:00,162.06
2022-09-09 16:30:00,169.15
2022-09-12 16:30:00,168.96
2022-09-13 16:30:00,153.13
2022-09-14 16:30:00,151.47
2022-09-15 16:30:00,149.55
2022-09-16 16:30:00,146.29
2022-09-19 16:30:00,148.02
2022-09-20 16:30:00,146.09
2022-09-21 16:30:00,142.12
2022-09-22 16:30:00,142.82
2022-09-23 16:30:00,140.41
2022-09-26 16:30:00,136.37
2022-09-27 16:30:00,134.4
2022-09-28 16:30:00,141.61
2022-09-29 16:30:00,136.41
2022-09-30 16:30:00,135.68
2022-10-03 16:30:00,138.61
2022-10-04 16:30:00,140.28
2022-10-05 16:30:00,138.98
2022-10-06 16:30:00,139.07
2022-10-07 16:30:00,133.45
2022-10-10 16:30:00,133.79
2022-10-11 16:30:00,128.54
2022-10-12 16:30:00,127.5
2022-10-13 16:30:00,130.29
2022-10-14 16:30:00,126.76
2022-10-17 16:30:00,134.04
2022-10-18 16:30:00,132.8
2022-10-19 16:30:00,133.23
2022-10-20 16:30:00,131.53
2022-10-21 16:30:00,130.01
2022-10-24 16:30:00,129.72
2022-10-25 16:30:00,137.51
2022-10-26 16:30:00,129.82
2022-10-27 16:30:00,97.94
2022-10-28 16:30:00,99.2
2022-10-31 16:30:00,93.16
2022-11-01 16:30:00,95.2
2022-11-02 16:30:00,90.54
2022-11-03 16:30:00,88.91
2022-11-04 16:30:00,90.79
2022-11-07 17:30:00,96.72
2022-11-08 17:30:00,96.47
2022-11-09 17:30:00,101.47
2022-11-10 17:30:00,111.87
2022-11-11 17:30:00,113.02
2022-11-14 17:30:00,114.22
2022-11-15 17:30:00,117.08
2022-11-16 17:30:00,113.23
2022-11-17 17:30:00,111.45
2022-11-18 17:30:00,112.05
2022-11-21 17:30:00,109.86
2022-11-22 17:30:00,111.44
2022-11-23 17:30:00,112.24
2022-11-25 17:30:00,111.41
2022-11-28 17:30:00,108.78
2022-11-29 17:30:00,109.46
2022-11-30 17:30:00,118.1
2022-12-01 17:30:00,120.44
2022-12-02 17:30:00,123.49
2022-12-05 17:30:00,122.43
2022-12-06 17:30:00,114.12
2022-12-07 17:30:00,113.93
2022-12-08 17:30:00,115.33
2022-12-09 17:30:00,115.9
2022-12-12 17:30:00,114.71
2022-12-13 17:30:00,120.15
2022-12-14 17:30:00,121.59
2022-12-15 17:30:00,116.15
2022-12-16 17:30:00,119.43
2022-12-19 17:30:00,114.48
2022-12-20 17:30:00,117.09
2022-12-21 17:30:00,119.76
2022-12-22 17:30:00,117.12
2022-12-23 17:30:00,118.04
2022-12-27 17:30:00,116.88
2022-12-28 17:30:00,115.62
2022-12-29 17:30:00,120.26
2022-12-30 17:30:00,120.34
2023-01-03 17:30:00,124.74
2023-01-04 17:30:00,127.37
2023-01-05 17:30:00,126.94
2023-01-06 17:30:00,130.02
2023-01-09 17:30:00,129.47
2023-01-10 17:30:00,132.99
2023-01-11 17:30:00,132.89
2023-01-12 17:30:00,136.71
2023-01-13 17:30:00,136.98
2023-01-17 17:30:00,135.36
2023-01-18 17:30:00,133.02
2023-01-19 17:30:00,136.15
2023-01-20 17:30:00,139.37
2023-01-23 17:30:00,143.27
2023-01-24 17:30:00,143.14
2023-01-25 17:30:00,141.5
2023-01-26 17:30:00,147.3
2023-01-27 17:30:00,151.74
2023-01-30 17:30:00,147.06
2023-01-31 17:30:00,148.97
2023-02-01 17:30:00,153.12
2023-02-02 17:30:00,188.77
2023-02-03 17:30:00,186.53
2023-02-06 17:30:00,186.06
2023-02-07 17:30:00,191.62
2023-02-08 17:30:00,183.43
2023-02-09 17:30:00,177.92
2023-02-10 17:30:00,174.15
2023-02-13 17:30:00,179.43
2023-02-14 17:30:00,179.48
2023-02-15 17:30:00,177.16
2023-02-16 17:30:00,172.44
2023-02-17 17:30:00,172.88
2023-02-21 17:30:00,172.08
2023-02-22 17:30:00,171.12
2023-02-23 17:30:00,172.04
2023-02-24 17:30:00,170.39
2023-02-27 17:30:00,169.54
2023-02-28 17:30:00,174.94
2023-03-01 17:30:00,173.42
2023-03-02 17:30:00,174.53
2023-03-03 17:30:00,185.25
2023-03-06 17:30:00,184.9
2023-03-07 17:30:00,184.51
2023-03-08 17:30:00,184.97
2023-03-09 17:30:00,181.69
2023-03-10 17:30:00,179.51
2023-03-13 16:30:00,180.9
2023-03-14 16:30:00,194.02
2023-03-15 16:30:00,197.75
2023-03-16 16:30:00,204.93
2023-03-17 16:30:00,195.61
2023-03-20 16:30:00,197.81
2023-03-21 16:30:00,202.16
2023-03-22 16:30:00,199.81
2023-03-23 16:30:00,204.28
2023-03-24 16:30:00,206.01
2023-03-27 16:30:00,202.84
2023-03-28 16:30:00,200.68
2023-03-29 16:30:00,205.35
2023-03-30 16:30:00,207.84
2023-03-31 16:30:00,211.94
2023-04-03 16:30:00,213.07
2023-04-04 16:30:00,214.72
2023-04-05 16:30:00,211.48
2023-04-06 16:30:00,216.1
2023-04-10 16:30:00,214.75
2023-04-11 16:30:00,213.85
2023-04-12 16:30:00,214.0
2023-04-13 16:30:00,220.35
2023-04-14 16:30:00,221.49
2023-04-17 16:30:00,218.86
2023-04-18 16:30:00,217.89
2023-04-19 16:30:00,215.7
2023-04-20 16:30:00,213.07
2023-04-21 16:30:00,212.89
2023-04-24 16:30:00,212.79
2023-04-25 16:30:00,207.55
2023-04-26 16:30:00,209.4
2023-04-27 16:30:00,238.56
2023-04-28 16:30:00,240.32
2023-05-01 16:30:00,243.18
2023-05-02 16:30:00,239.24
2023-05-03 16:30:00,237.03
2023-05-04 16:30:00,233.52
2023-05-05 16:30:00,232.78
2023-05-08 16:30:00,233.27
2023-05-09 16:30:00,233.37
2023-05-10 16:30:00,233.08
2023-05-11 16:30:00,235.79
2023-05-12 16:30:00,233.81
2023-05-15 16:30:00,238.86
2023-05-16 16:30:00,238.82
2023-05-17 16:30:00,242.485
2023-05-18 16:30:00,246.85
2023-05-19 16:30:00,245.64
2023-05-22 16:30:00,248.32
2023-05-23 16:30:00,246.74
2023-05-24 16:30:00,249.21
2023-05-25 16:30:00,252.69
2023-05-26 16:30:00,262.04
2023-05-30 16:30:00,262.52
2023-05-31 16:30:00,264.72
2023-06-01 16:30:00,272.61
2023-06-02 16:30:00,272.61
2023-06-05 16:30:00,271.39
2023-06-06 16:30:00,271.12
2023-06-07 16:30:00,263.6
2023-06-08 16:30:00,264.58
2023-06-09 16:30:00,264.95
2023-06-12 16:30:00,271.05
2023-06-13 16:30:00,271.32
2023-06-14 16:30:00,273.35
2023-06-15 16:30:00,281.83
2023-06-16 16:30:00,281.0
2023-06-20 16:30:00,284.33
2023-06-21 16:30:00,281.64
2023-06-22 16:30:00,284.88
2023-06-23 16:30:00,288.73
2023-06-26 16:30:00,278.47
2023-06-27 16:30:00,287.05
2023-06-28 16:30:00,285.29
2023-06-29 16:30:00,281.53
2023-06-30 16:30:00,286.98
2023-07-03 16:30:00,286.02
2023-07-05 16:30:00,294.37
2023-07-06 16:30:00,291.99
2023-07-07 16:30:00,290.53
2023-07-10 16:30:00,294.1
2023-07-11 16:30:00,298.29
2023-07-12 16:30:00,309.34
2023-07-13 16:30:00,313.41
2023-07-14 16:30:00,308.87
2023-07-17 16:30:00,310.62
2023-07-18 16:30:00,312.05
2023-07-19 16:30:00,316.01
2023-07-20 16:30:00,302.52
2023-07-21 16:30:00,294.26
2023-07-24 16:30:00,291.61
2023-07-25 16:30:00,294.47
2023-07-26 16:30:00,298.57
2023-07-27 16:30:00,311.71
2023-07-28 16:30:00,325.48
2023-07-31 16:30:00,318.6
2023-08-01 16:30:00,322.71
2023-08-02 16:30:00,314.31
2023-08-03 16:30:00,313.19
2023-08-04 16:30:00,310.73
2023-08-07 16:30:00,316.56
2023-08-08 16:30:00,312.64
2023-08-09 16:30:00,305.21
2023-08-10 16:30:00,305.74
2023-08-11 16:30:00,301.64
2023-08-14 16:30:00,306.19
2023-08-15 16:30:00,301.95
2023-08-16 16:30:00,294.29
2023-08-17 16:30:00,285.09
2023-08-18 16:30:00,283.25
2023-08-21 16:30:00,289.9
2023-08-22 16:30:00,287.6
2023-08-23 16:30:00,294.24
2023-08-24 16:30:00,286.75
2023-08-25 16:30:00,285.5
2023-08-28 16:30:00,290.26
2023-08-29 16:30:00,297.99
2023-08-30 16:30:00,295.1
2023-08-31 16:30:00,295.89
2023-09-01 16:30:00,296.38
2023-09-05 16:30:00,300.15
2023-09-06 16:30:00,299.17
2023-09-07 16:30:00,298.67
2023-09-08 16:30:00,297.89
2023-09-11 16:30:00,307.56
2023-09-12 16:30:00,301.66
2023-09-13 16:30:00,305.06
2023-09-14 16:30:00,311.72
2023-09-15 16:30:00,300.31
2023-09-18 16:30:00,302.55
2023-09-19 16:30:00,305.07
2023-09-20 16:30:00,299.67
2023-09-21 16:30:00,295.73
2023-09-22 16:30:00,299.08
2023-09-25 16:30:00,300.83
2023-09-26 16:30:00,298.96
2023-09-27 16:30:00,297.74
2023-09-28 16:30:00,303.96
2023-09-29 16:30:00,300.21
2023-10-02 16:30:00,306.82
2023-10-03 16:30:00,300.94
2023-10-04 16:30:00,305.58
2023-10-05 16:30:00,304.79
2023-10-06 16:30:00,315.43
2023-10-09 16:30:00,318.36
2023-10-10 16:30:00,321.84
2023-10-11 16:30:00,327.82
2023-10-12 16:30:00,324.16
2023-10-13 16:30:00,314.69
2023-10-16 16:30:00,321.15
2023-10-17 16:30:00,324.0
2023-10-18 16:30:00,316.97
2023-10-19 16:30:00,312.81
2023-10-20 16:30:00,308.65
2023-10-23 16:30:00,314.01
2023-10-24 16:30:00,312.55
2023-10-25 16:30:00,299.53
2023-10-26 16:30:00,288.35
2023-10-27 16:30:00,296.73
2023-10-30 16:30:00,302.66
2023-10-31 16:30:00,301.27
2023-11-01 16:30:00,311.85
2023-11-02 16:30:00,310.87
2023-11-03 16:30:00,314.6
2023-11-06 17:30:00,315.8
2023-11-07 17:30:00,318.82
2023-11-08 17:30:00,319.78
2023-11-09 17:30:00,320.55
2023-11-10 17:30:00,328.77
2023-11-13 17:30:00,329.19
2023-11-14 17:30:00,336.31
2023-11-15 17:30:00,332.71
2023-11-16 17:30:00,334.19
2023-11-17 17:30:00,335.04
2023-11-20 17:30:00,339.97
2023-11-21 17:30:00,336.98
2023-11-22 17:30:00,341.49
2023-11-24 17:30:00,338.23
2023-11-27 17:30:00,334.7
2023-11-28 17:30:00,338.99
2023-11-29 17:30:00,332.2
2023-11-30 17:30:00,327.15
2023-12-01 17:30:00,324.82
2023-12-04 17:30:00,320.02
2023-12-05 17:30:00,318.29
2023-12-06 17:30:00,317.45
2023-12-07 17:30:00,326.59
2023-12-08 17:30:00,332.75
2023-12-11 17:30:00,325.28
2023-12-12 17:30:00,334.22
2023-12-13 17:30:00,334.74
2023-12-14 17:30:00,333.17
2023-12-15 17:30:00,334.92
2023-12-18 17:30:00,344.62
2023-12-19 17:30:00,350.36
2023-12-20 17:30:00,349.28
2023-12-21 17:30:00,354.09
2023-12-22 17:30:00,353.39
2023-12-26 17:30:00,354.83
2023-12-27 17:30:00,357.83
2023-12-28 17:30:00,358.32
2023-12-29 17:30:00,353.96
2024-01-02 17:30:00,346.29
2024-01-03 17:30:00,344.47
2024-01-04 17:30:00,347.12
2024-01-05 17:30:00,351.95
2024-01-08 17:30:00,358.66
2024-01-09 17:30:00,357.43
2024-01-10 17:30:00,370.47
2024-01-11 17:30:00,369.67
2024-01-12 17:30:00,374.49
2024-01-16 17:30:00,367.46
2024-01-17 17:30:00,368.37
2024-01-18 17:30:00,376.13
2024-01-19 17:30:00,383.45
2024-01-22 17:30:00,381.78
2024-01-23 17:30:00,385.2
2024-01-24 17:30:00,390.7
2024-01-25 17:30:00,393.18
2024-01-26 17:30:00,394.14
2024-01-29 17:30:00,401.02
2024-01-30 17:30:00,400.06
2024-01-31 17:30:00,390.14
2024-02-01 17:30:00,394.78
2024-02-02 17:30:00,474.99
2024-02-05 17:30:00,459.41
2024-02-06 17:30:00,454.72
2024-02-07 17:30:00,469.59
2024-02-08 17:30:00,470.0
2024-02-09 17:30:00,468.11
2024-02-12 17:30:00,468.9
2024-02-13 17:30:00,460.12
2024-02-14 17:30:00,473.28
2024-02-15 17:30:00,484.03
2024-02-16 17:30:00,473.32
2024-02-20 17:30:00,471.75
2024-02-21 17:30:00,468.03
2024-02-22 17:30:00,486.13
2024-02-23 17:30:00,484.03
2024-02-26 17:30:00,481.74
2024-02-27 17:30:00,487.05
2024-02-28 17:30:00,484.02
2024-02-29 17:30:00,490.13
2024-03-01 17:30:00,502.3
2024-03-04 17:30:00,498.19
2024-03-05 17:30:00,490.22
2024-03-06 17:30:00,496.09
2024-03-07 17:30:00,512.19
2024-03-08 17:30:00,505.95
2024-03-11 16:30:00,483.59
2024-03-12 16:30:00,499.75
2024-03-13 16:30:00,495.57
2024-03-14 16:30:00,491.83
2024-03-15 16:30:00,484.1
2024-03-18 16:30:00,496.98
2024-03-19 16:30:00,496.24
2024-03-20 16:30:00,505.52
2024-03-21 16:30:00,507.76
2024-03-22 16:30:00,509.58
2024-03-25 16:30:00,503.02
2024-03-26 16:30:00,495.89
2024-03-27 16:30:00,493.86
2024-03-28 16:30:00,485.58
2024-04-01 16:30:00,491.35
2024-04-02 16:30:00,497.37
2024-04-03 16:30:00,506.74
2024-04-04 16:30:00,510.92
2024-04-05 16:30:00,527.34
2024-04-08 16:30:00,519.25
2024-04-09 16:30:00,516.9
2024-04-10 16:30:00,519.83
2024-04-11 16:30:00,523.16
2024-04-12 16:30:00,511.9
2024-04-15 16:30:00,500.23
2024-04-16 16:30:00,499.76
2024-04-17 16:30:00,494.17
2024-04-18 16:30:00,501.8
2024-04-19 16:30:00,481.07
2024-04-22 16:30:00,481.73
2024-04-23 16:30:00,496.1
2024-04-24 16:30:00,493.5
2024-04-25 16:30:00,441.38
2024-04-26 16:30:00,443.29
2024-04-29 16:30:00,432.62
2024-04-30 16:30:00,430.17
2024-05-01 16:30:00,439.19
2024-05-02 16:30:00,441.68
2024-05-03 16:30:00,451.96
2024-05-06 16:30:00,465.68
2024-05-07 16:30:00,468.24
2024-05-08 16:30:00,472.6
2024-05-09 16:30:00,475.42
2024-05-10 16:30:00,476.2
2024-05-13 16:30:00,468.01
2024-05-14 16:30:00,471.85
2024-05-15 16:30:00,481.54
2024-05-16 16:30:00,473.23
2024-05-17 16:30:00,471.91
2024-05-20 16:30:00,468.84
2024-05-21 16:30:00,464.63
2024-05-22 16:30:00,467.78
2024-05-23 16:30:00,465.78
2024-05-24 16:30:00,478.22
2024-05-28 16:30:00,479.92
2024-05-29 16:30:00,474.36
2024-05-30 16:30:00,467.05
2024-05-31 16:30:00,466.83
2024-06-03 16:30:00,477.49
2024-06-04 16:30:00,476.99
2024-06-05 16:30:00,495.06
2024-06-06 16:30:00,493.76
2024-06-07 16:30:00,492.96
2024-06-10 16:30:00,502.6
2024-06-11 16:30:00,507.47
2024-06-12 16:30:00,508.84
2024-06-13 16:30:00,504.1
2024-06-14 16:30:00,504.16
2024-06-17 16:30:00,506.63
2024-06-18 16:30:00,499.49
2024-06-20 16:30:00,501.7
2024-06-21 16:30:00,494.78
2024-06-24 16:30:00,498.91
2024-06-25 16:30:00,510.6
2024-06-26 16:30:00,513.12
2024-06-27 16:30:00,519.56
2024-06-28 16:30:00,504.22
2024-07-01 16:30:00,504.68
2024-07-02 16:30:00,509.5
2024-07-03 16:30:00,509.96
2024-07-05 16:30:00,539.91
2024-07-08 16:30:00,529.32
2024-07-09 16:30:00,530.0
2024-07-10 16:30:00,534.69
2024-07-11 16:30:00,512.7
2024-07-12 16:30:00,498.87
2024-07-15 16:30:00,496.16
2024-07-16 16:30:00,489.79
2024-07-17 16:30:00,461.99
2024-07-18 16:30:00,475.85
2024-07-19 16:30:00,476.79
2024-07-22 16:30:00,487.4
2024-07-23 16:30:00,488.69
2024-07-24 16:30:00,461.27
2024-07-25 16:30:00,453.41
2024-07-26 16:30:00,465.7
2024-07-29 16:30:00,465.71
2024-07-30 16:30:00,463.19
2024-07-31 16:30:00,474.83
2024-08-01 16:30:00,497.74
2024-08-02 16:30:00,488.14
2024-08-05 16:30:00,475.73
2024-08-06 16:30:00,494.09
2024-08-07 16:30:00,488.92
2024-08-08 16:30:00,509.63
2024-08-09 16:30:00,517.77
2024-08-12 16:30:00,515.95
2024-08-13 16:30:00,528.54
2024-08-14 16:30:00,526.76
2024-08-15 16:30:00,537.33
2024-08-16 16:30:00,527.42
2024-08-19 16:30:00,529.28
2024-08-20 16:30:00,526.73
2024-08-21 16:30:00,535.16
2024-08-22 16:30:00,531.93
2024-08-23 16:30:00,528.0
2024-08-26 16:30:00,521.12
2024-08-27 16:30:00,519.1
2024-08-28 16:30:00,516.78
2024-08-29 16:30:00,518.22
2024-08-30 16:30:00,521.31
2024-09-03 16:30:00,511.76
2024-09-04 16:30:00,512.74
2024-09-05 16:30:00,516.86
2024-09-06 16:30:00,500.27
2024-09-09 16:30:00,504.79
2024-09-10 16:30:00,504.79
2024-09-11 16:30:00,511.83
2024-09-12 16:30:00,525.6
2024-09-13 16:30:00,524.62
2024-09-16 16:30:00,533.28
2024-09-17 16:30:00,536.315
2024-09-18 16:30:00,537.95
2024-09-19 16:30:00,559.1
2024-09-20 16:30:00,561.35
2024-09-23 16:30:00,564.41
2024-09-24 16:30:00,563.33
2024-09-25 16:30:00,568.31
2024-09-26 16:30:00,567.84
2024-09-27 16:30:00,567.36
2024-09-30 16:30:00,572.44
2024-10-01 16:30:00,576.47
2024-10-02 16:30:00,572.81
2024-10-03 16:30:00,582.77
2024-10-04 16:30:00,595.94
2024-10-07 16:30:00,584.78
2024-10-08 16:30:00,592.89
2024-10-09 16:30:00,590.51
2024-10-10 16:30:00,583.83
2024-10-11 16:30:00,589.95
2024-10-14 16:30:00,590.42
2024-10-15 16:30:00,586.27
2024-10-16 16:30:00,576.79
2024-10-17 16:30:00,576.93
2024-10-18 16:30:00,576.47
2024-10-21 16:30:00,575.16
2024-10-22 16:30:00,582.01
2024-10-23 16:30:00,563.69
2024-10-24 16:30:00,567.78
2024-10-25 16:30:00,573.25
2024-10-28 16:30:00,578.16
2024-10-29 16:30:00,593.28
2024-10-30 16:30:00,591.8
2024-10-31 16:30:00,567.58
2024-11-01 16:30:00,567.16
2024-11-04 17:30:00,560.68
2024-11-05 17:30:00,572.43
2024-11-06 17:30:00,572.05
2024-11-07 17:30:00,591.7
2024-11-08 17:30:00,589.34
2024-11-11 17:30:00,583.17
2024-11-12 17:30:00,584.82
2024-11-13 17:30:00,580.0
2024-11-14 17:30:00,577.16
2024-11-15 17:30:00,554.08
2024-11-18 17:30:00,554.4
2024-11-19 17:30:00,561.09
2024-11-20 17:30:00,565.52
2024-11-21 17:30:00,563.09
2024-11-22 17:30:00,559.14
2024-11-25 17:30:00,565.11
2024-11-26 17:30:00,573.54
2024-11-27 17:30:00,569.2
2024-11-29 17:30:00,574.32
2024-12-02 17:30:00,592.83
2024-12-03 17:30:00,613.65
2024-12-04 17:30:00,613.78
2024-12-05 17:30:00,608.93
2024-12-06 17:30:00,623.77
2024-12-09 17:30:00,613.57
2024-12-10 17:30:00,619.32
2024-12-11 17:30:00,632.68
2024-12-12 17:30:00,630.79
2024-12-13 17:30:00,620.35
2024-12-16 17:30:00,624.24
2024-12-17 17:30:00,619.44
2024-12-18 17:30:00,597.19
2024-12-19 17:30:00,595.57
2024-12-20 17:30:00,585.25
2024-12-23 17:30:00,599.85
2024-12-24 17:30:00,607.75
2024-12-26 17:30:00,603.35
2024-12-27 17:30:00,599.81
2024-12-30 17:30:00,591.24
2024-12-31 17:30:00,585.51
2025-01-02 17:30:00,599.24
2025-01-03 17:30:00,604.63
2025-01-06 17:30:00,630.2
2025-01-07 17:30:00,617.89
2025-01-08 17:30:00,610.72
2025-01-10 17:30:00,615.86
2025-01-13 17:30:00,608.33
2025-01-14 17:30:00,594.25
2025-01-15 17:30:00,617.12
2025-01-16 17:30:00,611.3
2025-01-17 17:30:00,612.77
2025-01-21 17:30:00,616.46
2025-01-22 17:30:00,623.5
2025-01-23 17:30:00,636.45
2025-01-24 17:30:00,647.49
2025-01-27 17:30:00,659.88
2025-01-28 17:30:00,674.33
2025-01-29 17:30:00,676.49
2025-01-30 17:30:00,687.0
2025-01-31 17:30:00,689.18
2025-02-03 17:30:00,697.46
2025-02-04 17:30:00,704.19
2025-02-05 17:30:00,704.87
2025-02-06 17:30:00,711.99
2025-02-07 17:30:00,714.52
2025-02-10 17:30:00,717.4
2025-02-11 17:30:00,719.8
2025-02-12 17:30:00,725.38
2025-02-13 17:30:00,728.56
2025-02-14 17:30:00,736.67
2025-02-18 17:30:00,716.37
2025-02-19 17:30:00,703.77
2025-02-20 17:30:00,694.84
2025-02-21 17:30:00,683.55
2025-02-24 17:30:00,668.13
2025-02-25 17:30:00,657.5
2025-02-26 17:30:00,673.7
2025-02-27 17:30:00,658.24
2025-02-28 17:30:00,668.2
2025-03-03 17:30:00,655.05
2025-03-04 17:30:00,640.0
2025-03-05 17:30:00,656.47
2025-03-06 17:30:00,627.93
2025-03-07 17:30:00,625.66
2025-03-10 16:30:00,597.99
2025-03-11 16:30:00,605.71
2025-03-12 16:30:00,619.56
2025-03-13 16:30:00,590.64
2025-03-14 16:30:00,607.6
2025-03-17 16:30:00,604.9
2025-03-18 16:30:00,582.36
2025-03-19 16:30:00,584.06
2025-03-20 16:30:00,586.0
2025-03-21 16:30:00,596.25
2025-03-24 16:30:00,618.85
2025-03-25 16:30:00,626.31
2025-03-26 16:30:00,610.98
2025-03-27 16:30:00,602.58
2025-03-28 16:30:00,576.74
2025-03-31 16:30:00,576.36
2025-04-01 16:30:00,586.0
2025-04-02 16:30:00,583.93
2025-04-03 16:30:00,531.62
2025-04-04 16:30:00,504.73
2025-04-07 16:30:00,516.25
2025-04-08 16:30:00,510.45
2025-04-09 16:30:00,585.77
2025-04-10 16:30:00,546.29
2025-04-11 16:30:00,543.57
2025-04-14 16:30:00,531.48
2025-04-15 16:30:00,521.52
2025-04-16 16:30:00,502.31
2025-04-17 16:30:00,501.48
2025-04-21 16:30:00,484.66
2025-04-22 16:30:00,500.28
2025-04-23 16:30:00,520.27
2025-04-24 16:30:00,533.15
2025-04-25 16:30:00,547.27
2025-04-28 16:30:00,549.74
2025-04-29 16:30:00,554.44
2025-04-30 16:30:00,549.0
2025-05-01 16:30:00,572.21
2025-05-02 16:30:00,597.02
2025-05-05 16:30:00,599.27
2025-05-06 16:30:00,587.31
2025-05-07 16:30:00,596.81
2025-05-08 16:30:00,598.01
2025-05-09 16:30:00,592.49
2025-05-12 16:30:00,639.43
2025-05-13 16:30:00,656.03
2025-05-14 16:30:00,659.36
2025-05-15 16:30:00,643.88
2025-05-16 16:30:00,640.34
2025-05-19 16:30:00,640.43
2025-05-20 16:30:00,637.1
2025-05-21 16:30:00,635.5
2025-05-22 16:30:00,636.57
2025-05-23 16:30:00,627.06
2025-05-27 16:30:00,642.32
2025-05-28 16:30:00,643.58
2025-05-29 16:30:00,645.05
2025-05-30 16:30:00,647.49
2025-06-02 16:30:00,670.9
2025-06-03 16:30:00,666.85
2025-06-04 16:30:00,687.95
2025-06-05 16:30:00,684.62
2025-06-06 16:30:00,697.71
2025-06-09 16:30:00,694.06
2025-06-10 16:30:00,702.4
2025-06-11 16:30:00,694.14
2025-06-12 16:30:00,693.36
2025-06-13 16:30:00,682.87
2025-06-16 16:30:00,702.12
2025-06-17 16:30:00,697.23
2025-06-18 16:30:00,695.77
2025-06-20 16:30:00,682.35
2025-06-23 16:30:00,698.53
2025-06-24 16:30:00,712.2
2025-06-25 16:30:00,708.68
2025-06-26 16:30:00,726.09
2025-06-27 16:30:00,733.63
2025-06-30 16:30:00,738.09
2025-07-01 16:30:00,719.22
2025-07-02 16:30:00,713.57
2025-07-03 16:30:00,719.01
2025-07-07 16:30:00,718.35
2025-07-08 16:30:00,720.67
2025-07-09 16:30:00,732.78
2025-07-10 16:30:00,727.24
2025-07-11 16:30:00,717.51
2025-07-14 16:30:00,720.92
2025-07-15 16:30:00,710.39
2025-07-16 16:30:00,702.91
2025-07-17 16:30:00,701.41
2025-07-18 16:30:00,704.28
2025-07-21 16:30:00,712.965
2025-07-22 16:30:00,704.81
2025-07-23 16:30:00,713.58
2025-07-24 16:30:00,714.8
2025-07-25 16:30:00,712.68
2025-07-28 16:30:00,717.63
2025-07-29 16:30:00,700.0
2025-07-30 16:30:00,695.21
2025-07-31 16:30:00,773.44
2025-08-01 16:30:00,750.01
2025-08-04 16:30:00,776.37
2025-08-05 16:30:00,763.46
2025-08-06 16:30:00,771.99
2025-08-07 16:30:00,761.83
2025-08-08 16:30:00,769.3
2025-08-11 16:30:00,765.87
2025-08-12 16:30:00,790.0
2025-08-13 16:30:00,780.08
2025-08-14 16:30:00,782.13
2025-08-15 16:30:00,785.23
2025-08-18 16:30:00,767.37
2025-08-19 16:30:00,751.48
2025-08-20 16:30:00,747.72
2025-08-21 16:30:00,739.1
2025-08-22 16:30:00,754.79
2025-08-25 16:30:00,753.3
2025-08-26 16:30:00,754.1
2025-08-27 16:30:00,747.38
2025-08-28 16:30:00,751.11
2025-08-29 16:30:00,738.7
2025-09-02 16:30:00,735.11
2025-09-03 16:30:00,737.05
2025-09-04 16:30:00,748.65
2025-09-05 16:30:00,752.45
2025-09-08 16:30:00,752.3
2025-09-09 16:30:00,765.7
2025-09-10 16:30:00,751.98
2025-09-11 16:30:00,750.9
2025-09-12 16:30:00,755.59
2025-09-15 16:30:00,764.7
2025-09-16 16:30:00,779.0
2025-09-17 16:30:00,775.715
2025-09-18 16:30:00,780.25
2025-09-19 16:30:00,778.38
2025-09-22 16:30:00,765.16
2025-09-23 16:30:00,755.4
2025-09-24 16:30:00,760.66
2025-09-25 16:30:00,748.91
2025-09-26 16:30:00,743.75
2025-09-29 16:30:00,743.4
2025-09-30 16:30:00,734.38
2025-10-01 16:30:00,717.34
2025-10-02 16:30:00,727.05
2025-10-03 16:30:00,710.56
2025-10-06 16:30:00,715.66
2025-10-07 16:30:00,713.08
2025-10-08 16:30:00,717.84
2025-10-09 16:30:00,733.51
2025-10-10 16:30:00,705.3
2025-10-13 16:30:00,715.7
2025-10-14 16:30:00,708.65
2025-10-15 16:30:00,717.55
2025-10-16 16:30:00,712.07
2025-10-17 16:30:00,716.915
2025-10-20 16:30:00,732.17
2025-10-21 16:30:00,733.27
2025-10-22 16:30:00,733.41
2025-10-23 16:30:00,734.0
2025-10-24 16:30:00,738.36
