datetime,SPY
2021-08-31 16:30:00,451.56
2021-09-01 16:30:00,451.8
2021-09-02 16:30:00,453.19
2021-09-03 16:30:00,453.08
2021-09-07 16:30:00,451.46
2021-09-08 16:30:00,450.91
2021-09-09 16:30:00,448.98
2021-09-10 16:30:00,445.44
2021-09-13 16:30:00,446.58
2021-09-14 16:30:00,444.17
2021-09-15 16:30:00,447.88
2021-09-16 16:30:00,447.17
2021-09-17 16:30:00,441.4
2021-09-20 16:30:00,434.04
2021-09-21 16:30:00,433.63
2021-09-22 16:30:00,437.86
2021-09-23 16:30:00,443.18
2021-09-24 16:30:00,443.91
2021-09-27 16:30:00,442.64
2021-09-28 16:30:00,433.72
2021-09-29 16:30:00,434.45
2021-09-30 16:30:00,429.14
2021-10-01 16:30:00,434.24
2021-10-04 16:30:00,428.64
2021-10-05 16:30:00,433.1
2021-10-06 16:30:00,434.9
2021-10-07 16:30:00,438.66
2021-10-08 16:30:00,437.86
2021-10-11 16:30:00,434.69
2021-10-12 16:30:00,433.62
2021-10-13 16:30:00,435.18
2021-10-14 16:30:00,442.5
2021-10-15 16:30:00,445.87
2021-10-18 16:30:00,447.19
2021-10-19 16:30:00,450.64
2021-10-20 16:30:00,452.41
2021-10-21 16:30:00,453.59
2021-10-22 16:30:00,453.12
2021-10-25 16:30:00,455.55
2021-10-26 16:30:00,455.96
2021-10-27 16:30:00,453.94
2021-10-28 16:30:00,458.32
2021-10-29 16:30:00,459.25
2021-11-01 16:30:00,460.04
2021-11-02 16:30:00,461.9
2021-11-03 16:30:00,464.72
2021-11-04 16:30:00,466.91
2021-11-05 16:30:00,468.53
2021-11-08 17:30:00,468.93
2021-11-09 17:30:00,467.38
2021-11-10 17:30:00,463.62
2021-11-11 17:30:00,463.77
2021-11-12 17:30:00,467.27
2021-11-15 17:30:00,467.43
2021-11-16 17:30:00,469.28
2021-11-17 17:30:00,468.14
2021-11-18 17:30:00,469.73
2021-11-19 17:30:00,468.89
2021-11-22 17:30:00,467.57
2021-11-23 17:30:00,468.19
2021-11-24 17:30:00,469.44
2021-11-26 17:30:00,458.97
2021-11-29 17:30:00,464.6
2021-11-30 17:30:00,455.56
2021-12-01 17:30:00,450.5
2021-12-02 17:30:00,457.4
2021-12-03 17:30:00,453.42
2021-12-06 17:30:00,458.79
2021-12-07 17:30:00,468.28
2021-12-08 17:30:00,469.52
2021-12-09 17:30:00,466.35
2021-12-10 17:30:00,470.74
2021-12-13 17:30:00,466.57
2021-12-14 17:30:00,463.36
2021-12-15 17:30:00,470.6
2021-12-16 17:30:00,466.45
2021-12-17 17:30:00,459.87
2021-12-20 17:30:00,454.98
2021-12-21 17:30:00,463.06
2021-12-22 17:30:00,467.69
2021-12-23 17:30:00,470.6
2021-12-27 17:30:00,477.26
2021-12-28 17:30:00,476.87
2021-12-29 17:30:00,477.48
2021-12-30 17:30:00,476.16
2021-12-31 17:30:00,474.96
2022-01-03 17:30:00,477.71
2022-01-04 17:30:00,477.55
2022-01-05 17:30:00,468.38
2022-01-06 17:30:00,467.94
2022-01-07 17:30:00,466.09
2022-01-10 17:30:00,465.51
2022-01-11 17:30:00,469.75
2022-01-12 17:30:00,471.02
2022-01-13 17:30:00,464.53
2022-01-14 17:30:00,464.72
2022-01-18 17:30:00,456.49
2022-01-19 17:30:00,451.75
2022-01-20 17:30:00,446.75
2022-01-21 17:30:00,437.98
2022-01-24 17:30:00,439.84
2022-01-25 17:30:00,434.47
2022-01-26 17:30:00,433.38
2022-01-27 17:30:00,431.24
2022-01-28 17:30:00,441.95
2022-01-31 17:30:00,449.91
2022-02-01 17:30:00,452.95
2022-02-02 17:30:00,457.35
2022-02-03 17:30:00,446.6
2022-02-04 17:30:00,448.7
2022-02-07 17:30:00,447.26
2022-02-08 17:30:00,450.94
2022-02-09 17:30:00,457.54
2022-02-10 17:30:00,449.32
2022-02-11 17:30:00,440.46
2022-02-14 17:30:00,439.02
2022-02-15 17:30:00,446.1
2022-02-16 17:30:00,446.6
2022-02-17 17:30:00,437.06
2022-02-18 17:30:00,434.23
2022-02-22 17:30:00,429.57
2022-02-23 17:30:00,421.95
2022-02-24 17:30:00,428.3
2022-02-25 17:30:00,437.75
2022-02-28 17:30:00,436.63
2022-03-01 17:30:00,429.98
2022-03-02 17:30:00,437.89
2022-03-03 17:30:00,435.71
2022-03-04 17:30:00,432.17
2022-03-07 17:30:00,419.43
2022-03-08 17:30:00,416.25
2022-03-09 17:30:00,427.41
2022-03-10 17:30:00,425.48
2022-03-11 17:30:00,420.07
2022-03-14 16:30:00,417.0
2022-03-15 16:30:00,426.17
2022-03-16 16:30:00,435.62
2022-03-17 16:30:00,441.07
2022-03-18 16:30:00,444.52
2022-03-21 16:30:00,444.39
2022-03-22 16:30:00,449.59
2022-03-23 16:30:00,443.8
2022-03-24 16:30:00,450.49
2022-03-25 16:30:00,452.69
2022-03-28 16:30:00,455.91
2022-03-29 16:30:00,461.55
2022-03-30 16:30:00,458.7
2022-03-31 16:30:00,451.64
2022-04-01 16:30:00,452.92
2022-04-04 16:30:00,456.8
2022-04-05 16:30:00,451.03
2022-04-06 16:30:00,446.52
2022-04-07 16:30:00,448.77
2022-04-08 16:30:00,447.57
2022-04-11 16:30:00,439.92
2022-04-12 16:30:00,438.29
2022-04-13 16:30:00,443.31
2022-04-14 16:30:00,437.79
2022-04-18 16:30:00,437.97
2022-04-19 16:30:00,445.04
2022-04-20 16:30:00,444.71
2022-04-21 16:30:00,438.06
2022-04-22 16:30:00,426.04
2022-04-25 16:30:00,428.51
2022-04-26 16:30:00,416.1
2022-04-27 16:30:00,417.27
2022-04-28 16:30:00,427.81
2022-04-29 16:30:00,412.0
2022-05-02 16:30:00,414.48
2022-05-03 16:30:00,416.38
2022-05-04 16:30:00,429.06
2022-05-05 16:30:00,413.81
2022-05-06 16:30:00,411.34
2022-05-09 16:30:00,398.17
2022-05-10 16:30:00,399.09
2022-05-11 16:30:00,392.75
2022-05-12 16:30:00,392.34
2022-05-13 16:30:00,401.72
2022-05-16 16:30:00,400.09
2022-05-17 16:30:00,408.32
2022-05-18 16:30:00,391.86
2022-05-19 16:30:00,389.46
2022-05-20 16:30:00,389.63
2022-05-23 16:30:00,396.92
2022-05-24 16:30:00,393.89
2022-05-25 16:30:00,397.37
2022-05-26 16:30:00,405.31
2022-05-27 16:30:00,415.26
2022-05-31 16:30:00,412.93
2022-06-01 16:30:00,409.59
2022-06-02 16:30:00,417.39
2022-06-03 16:30:00,410.54
2022-06-06 16:30:00,411.79
2022-06-07 16:30:00,415.74
2022-06-08 16:30:00,411.22
2022-06-09 16:30:00,401.44
2022-06-10 16:30:00,389.8
2022-06-13 16:30:00,375.0
2022-06-14 16:30:00,373.87
2022-06-15 16:30:00,379.2
2022-06-16 16:30:00,366.65
2022-06-17 16:30:00,365.86
2022-06-21 16:30:00,375.07
2022-06-22 16:30:00,374.39
2022-06-23 16:30:00,378.06
2022-06-24 16:30:00,390.08
2022-06-27 16:30:00,388.59
2022-06-28 16:30:00,380.65
2022-06-29 16:30:00,380.34
2022-06-30 16:30:00,377.25
2022-07-01 16:30:00,381.24
2022-07-05 16:30:00,381.96
2022-07-06 16:30:00,383.25
2022-07-07 16:30:00,388.99
2022-07-08 16:30:00,388.67
2022-07-11 16:30:00,384.23
2022-07-12 16:30:00,380.83
2022-07-13 16:30:00,378.83
2022-07-14 16:30:00,377.91
2022-07-15 16:30:00,385.13
2022-07-18 16:30:00,381.95
2022-07-19 16:30:00,392.27
2022-07-20 16:30:00,394.77
2022-07-21 16:30:00,398.79
2022-07-22 16:30:00,395.09
2022-07-25 16:30:00,395.57
2022-07-26 16:30:00,390.89
2022-07-27 16:30:00,401.04
2022-07-28 16:30:00,406.07
2022-07-29 16:30:00,411.99
2022-08-01 16:30:00,410.77
2022-08-02 16:30:00,408.06
2022-08-03 16:30:00,414.45
2022-08-04 16:30:00,414.17
2022-08-05 16:30:00,413.47
2022-08-08 16:30:00,412.99
2022-08-09 16:30:00,411.35
2022-08-10 16:30:00,419.99
2022-08-11 16:30:00,419.99
2022-08-12 16:30:00,427.1
2022-08-15 16:30:00,428.86
2022-08-16 16:30:00,429.7
2022-08-17 16:30:00,426.65
2022-08-18 16:30:00,427.89
2022-08-19 16:30:00,422.14
2022-08-22 16:30:00,413.35
2022-08-23 16:30:00,412.35
2022-08-24 16:30:00,413.67
2022-08-25 16:30:00,419.51
2022-08-26 16:30:00,405.31
2022-08-29 16:30:00,402.63
2022-08-30 16:30:00,398.21
2022-08-31 16:30:00,395.18
2022-09-01 16:30:00,396.42
2022-09-02 16:30:00,392.24
2022-09-06 16:30:00,390.76
2022-09-07 16:30:00,397.78
2022-09-08 16:30:00,400.38
2022-09-09 16:30:00,406.6
2022-09-12 16:30:00,410.97
2022-09-13 16:30:00,393.1
2022-09-14 16:30:00,394.6
2022-09-15 16:30:00,390.12
2022-09-16 16:30:00,385.56
2022-09-19 16:30:00,388.55
2022-09-20 16:30:00,384.09
2022-09-21 16:30:00,377.39
2022-09-22 16:30:00,374.22
2022-09-23 16:30:00,367.95
2022-09-26 16:30:00,364.31
2022-09-27 16:30:00,363.38
2022-09-28 16:30:00,370.53
2022-09-29 16:30:00,362.79
2022-09-30 16:30:00,357.18
2022-10-03 16:30:00,366.61
2022-10-04 16:30:00,377.97
2022-10-05 16:30:00,377.09
2022-10-06 16:30:00,373.2
2022-10-07 16:30:00,362.79
2022-10-10 16:30:00,360.02
2022-10-11 16:30:00,357.74
2022-10-12 16:30:00,356.56
2022-10-13 16:30:00,365.97
2022-10-14 16:30:00,357.63
2022-10-17 16:30:00,366.82
2022-10-18 16:30:00,371.13
2022-10-19 16:30:00,368.5
2022-10-20 16:30:00,365.41
2022-10-21 16:30:00,374.29
2022-10-24 16:30:00,378.87
2022-10-25 16:30:00,384.92
2022-10-26 16:30:00,382.02
2022-10-27 16:30:00,379.98
2022-10-28 16:30:00,389.02
2022-10-31 16:30:00,386.21
2022-11-01 16:30:00,384.52
2022-11-02 16:30:00,374.87
2022-11-03 16:30:00,371.01
2022-11-04 16:30:00,376.35
2022-11-07 17:30:00,379.95
2022-11-08 17:30:00,382.0
2022-11-09 17:30:00,374.13
2022-11-10 17:30:00,394.69
2022-11-11 17:30:00,398.51
2022-11-14 17:30:00,395.12
2022-11-15 17:30:00,398.49
2022-11-16 17:30:00,395.45
2022-11-17 17:30:00,394.24
2022-11-18 17:30:00,396.03
2022-11-21 17:30:00,394.59
2022-11-22 17:30:00,399.9
2022-11-23 17:30:00,402.42
2022-11-25 17:30:00,402.33
2022-11-28 17:30:00,395.91
2022-11-29 17:30:00,395.23
2022-11-30 17:30:00,407.68
2022-12-01 17:30:00,407.38
2022-12-02 17:30:00,406.91
2022-12-05 17:30:00,399.59
2022-12-06 17:30:00,393.83
2022-12-07 17:30:00,393.16
2022-12-08 17:30:00,396.24
2022-12-09 17:30:00,393.28
2022-12-12 17:30:00,398.95
2022-12-13 17:30:00,401.97
2022-12-14 17:30:00,399.4
2022-12-15 17:30:00,389.63
2022-12-16 17:30:00,383.27
2022-12-19 17:30:00,380.02
2022-12-20 17:30:00,380.54
2022-12-21 17:30:00,386.23
2022-12-22 17:30:00,380.72
2022-12-23 17:30:00,382.91
2022-12-27 17:30:00,381.4
2022-12-28 17:30:00,376.66
2022-12-29 17:30:00,383.44
2022-12-30 17:30:00,382.43
2023-01-03 17:30:00,380.82
2023-01-04 17:30:00,383.76
2023-01-05 17:30:00,379.38
2023-01-06 17:30:00,388.08
2023-01-09 17:30:00,387.86
2023-01-10 17:30:00,390.58
2023-01-11 17:30:00,395.52
2023-01-12 17:30:00,396.96
2023-01-13 17:30:00,398.5
2023-01-17 17:30:00,397.77
2023-01-18 17:30:00,391.49
2023-01-19 17:30:00,388.64
2023-01-20 17:30:00,395.88
2023-01-23 17:30:00,400.63
2023-01-24 17:30:00,400.2
2023-01-25 17:30:00,400.35
2023-01-26 17:30:00,404.75
2023-01-27 17:30:00,405.68
2023-01-30 17:30:00,400.59
2023-01-31 17:30:00,406.48
2023-02-01 17:30:00,410.8
2023-02-02 17:30:00,416.78
2023-02-03 17:30:00,412.35
2023-02-06 17:30:00,409.83
2023-02-07 17:30:00,415.19
2023-02-08 17:30:00,410.65
2023-02-09 17:30:00,407.09
2023-02-10 17:30:00,408.04
2023-02-13 17:30:00,412.83
2023-02-14 17:30:00,412.64
2023-02-15 17:30:00,413.98
2023-02-16 17:30:00,408.28
2023-02-17 17:30:00,407.26
2023-02-21 17:30:00,399.09
2023-02-22 17:30:00,398.54
2023-02-23 17:30:00,400.66
2023-02-24 17:30:00,396.38
2023-02-27 17:30:00,397.73
2023-02-28 17:30:00,396.26
2023-03-01 17:30:00,394.74
2023-03-02 17:30:00,397.81
2023-03-03 17:30:00,404.19
2023-03-06 17:30:00,404.47
2023-03-07 17:30:00,398.27
2023-03-08 17:30:00,398.92
2023-03-09 17:30:00,391.56
2023-03-10 17:30:00,385.91
2023-03-13 16:30:00,385.36
2023-03-14 16:30:00,391.73
2023-03-15 16:30:00,389.28
2023-03-16 16:30:00,396.11
2023-03-17 16:30:00,389.99
2023-03-20 16:30:00,393.74
2023-03-21 16:30:00,398.91
2023-03-22 16:30:00,392.11
2023-03-23 16:30:00,393.17
2023-03-24 16:30:00,395.75
2023-03-27 16:30:00,396.49
2023-03-28 16:30:00,395.6
2023-03-29 16:30:00,401.35
2023-03-30 16:30:00,403.7
2023-03-31 16:30:00,409.39
2023-04-03 16:30:00,410.95
2023-04-04 16:30:00,408.67
2023-04-05 16:30:00,407.6
2023-04-06 16:30:00,409.19
2023-04-10 16:30:00,409.61
2023-04-11 16:30:00,409.72
2023-04-12 16:30:00,408.05
2023-04-13 16:30:00,413.47
2023-04-14 16:30:00,412.46
2023-04-17 16:30:00,413.94
2023-04-18 16:30:00,414.21
2023-04-19 16:30:00,414.14
2023-04-20 16:30:00,411.88
2023-04-21 16:30:00,412.2
2023-04-24 16:30:00,412.63
2023-04-25 16:30:00,406.08
2023-04-26 16:30:00,404.36
2023-04-27 16:30:00,412.41
2023-04-28 16:30:00,415.93
2023-05-01 16:30:00,415.51
2023-05-02 16:30:00,410.84
2023-05-03 16:30:00,408.02
2023-05-04 16:30:00,405.13
2023-05-05 16:30:00,412.63
2023-05-08 16:30:00,412.74
2023-05-09 16:30:00,410.93
2023-05-10 16:30:00,412.85
2023-05-11 16:30:00,412.13
2023-05-12 16:30:00,411.59
2023-05-15 16:30:00,413.01
2023-05-16 16:30:00,410.25
2023-05-17 16:30:00,415.23
2023-05-18 16:30:00,419.23
2023-05-19 16:30:00,418.62
2023-05-22 16:30:00,418.79
2023-05-23 16:30:00,414.09
2023-05-24 16:30:00,411.09
2023-05-25 16:30:00,414.65
2023-05-26 16:30:00,420.02
2023-05-30 16:30:00,420.18
2023-05-31 16:30:00,417.85
2023-06-01 16:30:00,421.82
2023-06-02 16:30:00,427.92
2023-06-05 16:30:00,427.1
2023-06-06 16:30:00,428.03
2023-06-07 16:30:00,426.55
2023-06-08 16:30:00,429.13
2023-06-09 16:30:00,429.9
2023-06-12 16:30:00,433.8
2023-06-13 16:30:00,436.66
2023-06-14 16:30:00,437.18
2023-06-15 16:30:00,442.6
2023-06-16 16:30:00,439.46
2023-06-20 16:30:00,437.18
2023-06-21 16:30:00,434.94
2023-06-22 16:30:00,436.51
2023-06-23 16:30:00,433.21
2023-06-26 16:30:00,431.44
2023-06-27 16:30:00,436.17
2023-06-28 16:30:00,436.39
2023-06-29 16:30:00,438.11
2023-06-30 16:30:00,443.28
2023-07-03 16:30:00,443.79
2023-07-05 16:30:00,443.13
2023-07-06 16:30:00,439.66
2023-07-07 16:30:00,438.55
2023-07-10 16:30:00,439.66
2023-07-11 16:30:00,442.46
2023-07-12 16:30:00,446.02
2023-07-13 16:30:00,449.56
2023-07-14 16:30:00,449.28
2023-07-17 16:30:00,450.84
2023-07-18 16:30:00,454.19
2023-07-19 16:30:00,455.2
2023-07-20 16:30:00,452.18
2023-07-21 16:30:00,452.18
2023-07-24 16:30:00,454.2
2023-07-25 16:30:00,455.44
2023-07-26 16:30:00,455.51
2023-07-27 16:30:00,452.49
2023-07-28 16:30:00,456.92
2023-07-31 16:30:00,457.79
2023-08-01 16:30:00,456.48
2023-08-02 16:30:00,450.13
2023-08-03 16:30:00,448.84
2023-08-04 16:30:00,446.81
2023-08-07 16:30:00,450.71
2023-08-08 16:30:00,448.75
2023-08-09 16:30:00,445.75
2023-08-10 16:30:00,445.91
2023-08-11 16:30:00,445.65
2023-08-14 16:30:00,448.11
2023-08-15 16:30:00,442.89
2023-08-16 16:30:00,439.64
2023-08-17 16:30:00,436.29
2023-08-18 16:30:00,436.5
2023-08-21 16:30:00,439.34
2023-08-22 16:30:00,438.15
2023-08-23 16:30:00,443.03
2023-08-24 16:30:00,436.89
2023-08-25 16:30:00,439.97
2023-08-28 16:30:00,442.76
2023-08-29 16:30:00,449.16
2023-08-30 16:30:00,451.01
2023-08-31 16:30:00,450.35
2023-09-01 16:30:00,451.19
2023-09-05 16:30:00,449.24
2023-09-06 16:30:00,446.22
2023-09-07 16:30:00,444.85
2023-09-08 16:30:00,445.52
2023-09-11 16:30:00,448.45
2023-09-12 16:30:00,445.99
2023-09-13 16:30:00,446.51
2023-09-14 16:30:00,450.36
2023-09-15 16:30:00,443.37
2023-09-18 16:30:00,443.63
2023-09-19 16:30:00,442.71
2023-09-20 16:30:00,438.64
2023-09-21 16:30:00,431.39
2023-09-22 16:30:00,430.42
2023-09-25 16:30:00,432.23
2023-09-26 16:30:00,425.88
2023-09-27 16:30:00,426.05
2023-09-28 16:30:00,428.52
2023-09-29 16:30:00,427.48
2023-10-02 16:30:00,427.31
2023-10-03 16:30:00,421.59
2023-10-04 16:30:00,424.66
2023-10-05 16:30:00,424.5
2023-10-06 16:30:00,429.54
2023-10-09 16:30:00,432.29
2023-10-10 16:30:00,434.54
2023-10-11 16:30:00,436.32
2023-10-12 16:30:00,433.66
2023-10-13 16:30:00,431.5
2023-10-16 16:30:00,436.04
2023-10-17 16:30:00,436.02
2023-10-18 16:30:00,430.21
2023-10-19 16:30:00,426.43
2023-10-20 16:30:00,421.19
2023-10-23 16:30:00,420.46
2023-10-24 16:30:00,423.63
2023-10-25 16:30:00,417.55
2023-10-26 16:30:00,412.55
2023-10-27 16:30:00,410.68
2023-10-30 16:30:00,415.59
2023-10-31 16:30:00,418.2
2023-11-01 16:30:00,422.66
2023-11-02 16:30:00,430.76
2023-11-03 16:30:00,434.69
2023-11-06 17:30:00,435.69
2023-11-07 17:30:00,436.93
2023-11-08 17:30:00,437.25
2023-11-09 17:30:00,433.84
2023-11-10 17:30:00,440.61
2023-11-13 17:30:00,440.19
2023-11-14 17:30:00,448.73
2023-11-15 17:30:00,449.68
2023-11-16 17:30:00,450.23
2023-11-17 17:30:00,450.79
2023-11-20 17:30:00,454.26
2023-11-21 17:30:00,453.27
2023-11-22 17:30:00,455.02
2023-11-24 17:30:00,455.3
2023-11-27 17:30:00,454.48
2023-11-28 17:30:00,454.93
2023-11-29 17:30:00,454.61
2023-11-30 17:30:00,456.4
2023-12-01 17:30:00,459.1
2023-12-04 17:30:00,456.69
2023-12-05 17:30:00,456.6
2023-12-06 17:30:00,454.76
2023-12-07 17:30:00,458.23
2023-12-08 17:30:00,460.2
2023-12-11 17:30:00,461.99
2023-12-12 17:30:00,464.1
2023-12-13 17:30:00,470.5
2023-12-14 17:30:00,472.01
2023-12-15 17:30:00,469.33
2023-12-18 17:30:00,471.97
2023-12-19 17:30:00,474.84
2023-12-20 17:30:00,468.26
2023-12-21 17:30:00,472.7
2023-12-22 17:30:00,473.65
2023-12-26 17:30:00,475.65
2023-12-27 17:30:00,476.51
2023-12-28 17:30:00,476.69
2023-12-29 17:30:00,475.31
2024-01-02 17:30:00,472.65
2024-01-03 17:30:00,468.79
2024-01-04 17:30:00,467.28
2024-01-05 17:30:00,467.92
2024-01-08 17:30:00,474.6
2024-01-09 17:30:00,473.88
2024-01-10 17:30:00,476.56
2024-01-11 17:30:00,476.35
2024-01-12 17:30:00,476.68
2024-01-16 17:30:00,474.93
2024-01-17 17:30:00,472.29
2024-01-18 17:30:00,476.49
2024-01-19 17:30:00,482.43
2024-01-22 17:30:00,483.45
2024-01-23 17:30:00,484.86
2024-01-24 17:30:00,485.39
2024-01-25 17:30:00,488.03
2024-01-26 17:30:00,487.41
2024-01-29 17:30:00,491.27
2024-01-30 17:30:00,490.89
2024-01-31 17:30:00,482.88
2024-02-01 17:30:00,489.2
2024-02-02 17:30:00,494.35
2024-02-05 17:30:00,492.55
2024-02-06 17:30:00,493.98
2024-02-07 17:30:00,498.1
2024-02-08 17:30:00,498.32
2024-02-09 17:30:00,501.2
2024-02-12 17:30:00,500.98
2024-02-13 17:30:00,494.08
2024-02-14 17:30:00,498.57
2024-02-15 17:30:00,502.01
2024-02-16 17:30:00,499.51
2024-02-20 17:30:00,496.76
2024-02-21 17:30:00,497.21
2024-02-22 17:30:00,507.5
2024-02-23 17:30:00,507.85
2024-02-26 17:30:00,505.99
2024-02-27 17:30:00,506.93
2024-02-28 17:30:00,506.26
2024-02-29 17:30:00,508.08
2024-03-01 17:30:00,512.85
2024-03-04 17:30:00,512.3
2024-03-05 17:30:00,507.18
2024-03-06 17:30:00,509.75
2024-03-07 17:30:00,514.81
2024-03-08 17:30:00,511.72
2024-03-11 16:30:00,511.28
2024-03-12 16:30:00,516.78
2024-03-13 16:30:00,515.97
2024-03-14 16:30:00,514.95
2024-03-15 16:30:00,509.83
2024-03-18 16:30:00,512.86
2024-03-19 16:30:00,515.71
2024-03-20 16:30:00,520.48
2024-03-21 16:30:00,522.2
2024-03-22 16:30:00,521.21
2024-03-25 16:30:00,519.77
2024-03-26 16:30:00,518.81
2024-03-27 16:30:00,523.17
2024-03-28 16:30:00,523.07
2024-04-01 16:30:00,522.16
2024-04-02 16:30:00,518.84
2024-04-03 16:30:00,519.41
2024-04-04 16:30:00,513.07
2024-04-05 16:30:00,518.43
2024-04-08 16:30:00,518.72
2024-04-09 16:30:00,519.32
2024-04-10 16:30:00,514.12
2024-04-11 16:30:00,518.0
2024-04-12 16:30:00,510.85
2024-04-15 16:30:00,504.45
2024-04-16 16:30:00,503.53
2024-04-17 16:30:00,500.55
2024-04-18 16:30:00,499.52
2024-04-19 16:30:00,495.16
2024-04-22 16:30:00,499.72
2024-04-23 16:30:00,505.65
2024-04-24 16:30:00,505.41
2024-04-25 16:30:00,503.49
2024-04-26 16:30:00,508.26
2024-04-29 16:30:00,510.06
2024-04-30 16:30:00,501.98
2024-05-01 16:30:00,500.35
2024-05-02 16:30:00,505.03
2024-05-03 16:30:00,511.29
2024-05-06 16:30:00,516.57
2024-05-07 16:30:00,517.14
2024-05-08 16:30:00,517.19
2024-05-09 16:30:00,520.17
2024-05-10 16:30:00,520.84
2024-05-13 16:30:00,520.91
2024-05-14 16:30:00,523.3
2024-05-15 16:30:00,529.78
2024-05-16 16:30:00,528.69
2024-05-17 16:30:00,529.45
2024-05-20 16:30:00,530.06
2024-05-21 16:30:00,531.36
2024-05-22 16:30:00,529.83
2024-05-23 16:30:00,525.96
2024-05-24 16:30:00,529.44
2024-05-28 16:30:00,529.81
2024-05-29 16:30:00,526.1
2024-05-30 16:30:00,522.61
2024-05-31 16:30:00,527.37
2024-06-03 16:30:00,527.8
2024-06-04 16:30:00,528.39
2024-06-05 16:30:00,534.67
2024-06-06 16:30:00,534.66
2024-06-07 16:30:00,534.01
2024-06-10 16:30:00,535.66
2024-06-11 16:30:00,536.95
2024-06-12 16:30:00,541.36
2024-06-13 16:30:00,542.45
2024-06-14 16:30:00,542.78
2024-06-17 16:30:00,547.1
2024-06-18 16:30:00,548.49
2024-06-20 16:30:00,547.0
2024-06-21 16:30:00,544.51
2024-06-24 16:30:00,542.74
2024-06-25 16:30:00,544.83
2024-06-26 16:30:00,545.51
2024-06-27 16:30:00,546.37
2024-06-28 16:30:00,544.22
2024-07-01 16:30:00,545.34
2024-07-02 16:30:00,549.01
2024-07-03 16:30:00,551.46
2024-07-05 16:30:00,554.64
2024-07-08 16:30:00,555.28
2024-07-09 16:30:00,555.82
2024-07-10 16:30:00,561.32
2024-07-11 16:30:00,556.48
2024-07-12 16:30:00,559.99
2024-07-15 16:30:00,561.53
2024-07-16 16:30:00,564.86
2024-07-17 16:30:00,556.94
2024-07-18 16:30:00,552.66
2024-07-19 16:30:00,548.99
2024-07-22 16:30:00,554.65
2024-07-23 16:30:00,553.78
2024-07-24 16:30:00,541.23
2024-07-25 16:30:00,538.41
2024-07-26 16:30:00,544.44
2024-07-29 16:30:00,544.76
2024-07-30 16:30:00,542.0
2024-07-31 16:30:00,550.81
2024-08-01 16:30:00,543.01
2024-08-02 16:30:00,532.9
2024-08-05 16:30:00,517.38
2024-08-06 16:30:00,522.15
2024-08-07 16:30:00,518.66
2024-08-08 16:30:00,530.65
2024-08-09 16:30:00,532.99
2024-08-12 16:30:00,533.27
2024-08-13 16:30:00,542.04
2024-08-14 16:30:00,543.75
2024-08-15 16:30:00,553.07
2024-08-16 16:30:00,554.31
2024-08-19 16:30:00,559.61
2024-08-20 16:30:00,558.7
2024-08-21 16:30:00,560.62
2024-08-22 16:30:00,556.22
2024-08-23 16:30:00,562.13
2024-08-26 16:30:00,560.79
2024-08-27 16:30:00,561.56
2024-08-28 16:30:00,558.3
2024-08-29 16:30:00,558.35
2024-08-30 16:30:00,563.68
2024-09-03 16:30:00,552.08
2024-09-04 16:30:00,550.95
2024-09-05 16:30:00,549.61
2024-09-06 16:30:00,540.36
2024-09-09 16:30:00,546.41
2024-09-10 16:30:00,548.79
2024-09-11 16:30:00,554.42
2024-09-12 16:30:00,559.09
2024-09-13 16:30:00,562.01
2024-09-16 16:30:00,562.84
2024-09-17 16:30:00,563.07
2024-09-18 16:30:00,561.4
2024-09-19 16:30:00,570.98
2024-09-20 16:30:00,568.25
2024-09-23 16:30:00,569.67
2024-09-24 16:30:00,571.3
2024-09-25 16:30:00,570.04
2024-09-26 16:30:00,572.3
2024-09-27 16:30:00,571.47
2024-09-30 16:30:00,573.76
2024-10-01 16:30:00,568.62
2024-10-02 16:30:00,568.86
2024-10-03 16:30:00,567.82
2024-10-04 16:30:00,572.98
2024-10-07 16:30:00,567.8
2024-10-08 16:30:00,573.17
2024-10-09 16:30:00,577.14
2024-10-10 16:30:00,576.13
2024-10-11 16:30:00,579.58
2024-10-14 16:30:00,584.32
2024-10-15 16:30:00,579.78
2024-10-16 16:30:00,582.3
2024-10-17 16:30:00,582.35
2024-10-18 16:30:00,584.59
2024-10-21 16:30:00,583.63
2024-10-22 16:30:00,583.32
2024-10-23 16:30:00,577.99
2024-10-24 16:30:00,579.24
2024-10-25 16:30:00,579.04
2024-10-28 16:30:00,580.83
2024-10-29 16:30:00,581.77
2024-10-30 16:30:00,580.01
2024-10-31 16:30:00,568.64
2024-11-01 16:30:00,571.04
2024-11-04 17:30:00,569.81
2024-11-05 17:30:00,576.7
2024-11-06 17:30:00,591.04
2024-11-07 17:30:00,595.61
2024-11-08 17:30:00,598.19
2024-11-11 17:30:00,598.76
2024-11-12 17:30:00,596.9
2024-11-13 17:30:00,597.19
2024-11-14 17:30:00,593.35
2024-11-15 17:30:00,585.75
2024-11-18 17:30:00,588.15
2024-11-19 17:30:00,590.3
2024-11-20 17:30:00,590.5
2024-11-21 17:30:00,593.67
2024-11-22 17:30:00,595.51
2024-11-25 17:30:00,597.53
2024-11-26 17:30:00,600.65
2024-11-27 17:30:00,598.83
2024-11-29 17:30:00,602.55
2024-12-02 17:30:00,603.63
2024-12-03 17:30:00,603.91
2024-12-04 17:30:00,607.66
2024-12-05 17:30:00,606.66
2024-12-06 17:30:00,607.81
2024-12-09 17:30:00,604.68
2024-12-10 17:30:00,602.8
2024-12-11 17:30:00,607.46
2024-12-12 17:30:00,604.33
2024-12-13 17:30:00,604.21
2024-12-16 17:30:00,606.79
2024-12-17 17:30:00,604.29
2024-12-18 17:30:00,586.28
2024-12-19 17:30:00,586.1
2024-12-20 17:30:00,591.15
2024-12-23 17:30:00,594.69
2024-12-24 17:30:00,601.3
2024-12-26 17:30:00,601.34
2024-12-27 17:30:00,595.01
2024-12-30 17:30:00,588.22
2024-12-31 17:30:00,586.08
2025-01-02 17:30:00,584.64
2025-01-03 17:30:00,591.95
2025-01-06 17:30:00,595.36
2025-01-07 17:30:00,588.63
2025-01-08 17:30:00,589.49
2025-01-10 17:30:00,580.49
2025-01-13 17:30:00,581.39
2025-01-14 17:30:00,582.19
2025-01-15 17:30:00,592.78
2025-01-16 17:30:00,591.64
2025-01-17 17:30:00,597.58
2025-01-21 17:30:00,603.05
2025-01-22 17:30:00,606.44
2025-01-23 17:30:00,609.75
2025-01-24 17:30:00,607.97
2025-01-27 17:30:00,599.37
2025-01-28 17:30:00,604.52
2025-01-29 17:30:00,601.81
2025-01-30 17:30:00,605.04
2025-01-31 17:30:00,601.82
2025-02-03 17:30:00,597.77
2025-02-04 17:30:00,601.78
2025-02-05 17:30:00,604.22
2025-02-06 17:30:00,606.32
2025-02-07 17:30:00,600.77
2025-02-10 17:30:00,604.85
2025-02-11 17:30:00,605.31
2025-02-12 17:30:00,603.36
2025-02-13 17:30:00,609.73
2025-02-14 17:30:00,609.7
2025-02-18 17:30:00,611.49
2025-02-19 17:30:00,612.93
2025-02-20 17:30:00,610.38
2025-02-21 17:30:00,599.94
2025-02-24 17:30:00,597.21
2025-02-25 17:30:00,594.24
2025-02-26 17:30:00,594.54
2025-02-27 17:30:00,585.05
2025-02-28 17:30:00,594.18
2025-03-03 17:30:00,583.77
2025-03-04 17:30:00,576.86
2025-03-05 17:30:00,583.06
2025-03-06 17:30:00,572.71
2025-03-07 17:30:00,575.92
2025-03-10 16:30:00,560.58
2025-03-11 16:30:00,555.92
2025-03-12 16:30:00,558.87
2025-03-13 16:30:00,551.42
2025-03-14 16:30:00,562.81
2025-03-17 16:30:00,567.15
2025-03-18 16:30:00,561.02
2025-03-19 16:30:00,567.13
2025-03-20 16:30:00,565.49
2025-03-21 16:30:00,563.98
2025-03-24 16:30:00,574.08
2025-03-25 16:30:00,575.46
2025-03-26 16:30:00,568.59
2025-03-27 16:30:00,567.08
2025-03-28 16:30:00,555.66
2025-03-31 16:30:00,559.39
2025-04-01 16:30:00,560.97
2025-04-02 16:30:00,564.52
2025-04-03 16:30:00,536.7
2025-04-04 16:30:00,505.28
2025-04-07 16:30:00,504.38
2025-04-08 16:30:00,496.48
2025-04-09 16:30:00,548.62
2025-04-10 16:30:00,524.58
2025-04-11 16:30:00,533.94
2025-04-14 16:30:00,539.12
2025-04-15 16:30:00,537.61
2025-04-16 16:30:00,525.66
2025-04-17 16:30:00,526.41
2025-04-21 16:30:00,513.88
2025-04-22 16:30:00,527.25
2025-04-23 16:30:00,535.42
2025-04-24 16:30:00,546.69
2025-04-25 16:30:00,550.64
2025-04-28 16:30:00,550.85
2025-04-29 16:30:00,554.32
2025-04-30 16:30:00,554.54
2025-05-01 16:30:00,558.47
2025-05-02 16:30:00,566.76
2025-05-05 16:30:00,563.51
2025-05-06 16:30:00,558.8
2025-05-07 16:30:00,561.15
2025-05-08 16:30:00,565.06
2025-05-09 16:30:00,564.34
2025-05-12 16:30:00,582.99
2025-05-13 16:30:00,586.84
2025-05-14 16:30:00,587.59
2025-05-15 16:30:00,590.46
2025-05-16 16:30:00,594.2
2025-05-19 16:30:00,594.85
2025-05-20 16:30:00,592.85
2025-05-21 16:30:00,582.86
2025-05-22 16:30:00,583.09
2025-05-23 16:30:00,579.11
2025-05-27 16:30:00,591.15
2025-05-28 16:30:00,587.73
2025-05-29 16:30:00,590.05
2025-05-30 16:30:00,589.39
2025-06-02 16:30:00,592.71
2025-06-03 16:30:00,596.09
2025-06-04 16:30:00,595.93
2025-06-05 16:30:00,593.05
2025-06-06 16:30:00,599.14
2025-06-09 16:30:00,599.68
2025-06-10 16:30:00,603.08
2025-06-11 16:30:00,601.36
2025-06-12 16:30:00,603.75
2025-06-13 16:30:00,597.0
2025-06-16 16:30:00,602.68
2025-06-17 16:30:00,597.53
2025-06-18 16:30:00,597.44
2025-06-20 16:30:00,594.28
2025-06-23 16:30:00,600.15
2025-06-24 16:30:00,606.78
2025-06-25 16:30:00,607.12
2025-06-26 16:30:00,611.87
2025-06-27 16:30:00,614.91
2025-06-30 16:30:00,617.85
2025-07-01 16:30:00,617.65
2025-07-02 16:30:00,620.45
2025-07-03 16:30:00,625.34
2025-07-07 16:30:00,620.68
2025-07-08 16:30:00,620.34
2025-07-09 16:30:00,624.06
2025-07-10 16:30:00,625.82
2025-07-11 16:30:00,623.62
2025-07-14 16:30:00,624.81
2025-07-15 16:30:00,622.14
2025-07-16 16:30:00,624.22
2025-07-17 16:30:00,628.04
2025-07-18 16:30:00,627.58
2025-07-21 16:30:00,628.77
2025-07-22 16:30:00,628.86
2025-07-23 16:30:00,634.21
2025-07-24 16:30:00,634.42
2025-07-25 16:30:00,637.1
2025-07-28 16:30:00,636.94
2025-07-29 16:30:00,635.26
2025-07-30 16:30:00,634.46
2025-07-31 16:30:00,632.08
2025-08-01 16:30:00,621.72
2025-08-04 16:30:00,631.17
2025-08-05 16:30:00,627.97
2025-08-06 16:30:00,632.78
2025-08-07 16:30:00,632.25
2025-08-08 16:30:00,637.18
2025-08-11 16:30:00,635.92
2025-08-12 16:30:00,642.69
2025-08-13 16:30:00,644.89
2025-08-14 16:30:00,644.95
2025-08-15 16:30:00,643.44
2025-08-18 16:30:00,643.3
2025-08-19 16:30:00,639.81
2025-08-20 16:30:00,638.11
2025-08-21 16:30:00,635.55
2025-08-22 16:30:00,645.31
2025-08-25 16:30:00,643.535
